date,0050,006208,00878
2020-07-21,0.01700154559505407,0.014414414414414267,0.02741514360313313
2020-07-22,0.002532928064842954,0.002664298401421128,-0.027318932655654327
2020-07-23,-0.001010611419909102,-0.0008857395925598865,-0.011103853690398457
2020-07-24,-0.0035407182599898057,-0.0035460992907800915,-0.005944517833553542
2020-07-27,0.04873096446700509,0.048932384341636936,-0.0046511627906976605
2020-07-28,0.0029041626331074433,0.0025445292620864812,-0.008678237650200371
2020-07-29,-0.010135135135135087,-0.009306260575296155,0.002020202020202033
2020-07-30,0.014627011214041863,0.016225448334756587,0.008064516129032251
2020-07-31,-0.0024026910139356428,-0.003361344537815225,0.0033333333333334103
2020-08-03,-0.01734104046242768,-0.015177065767284947,-0.0046511627906976605
2020-08-04,0.012745098039215641,0.011986301369863117,0.002670226969292422
2020-08-05,0.00968054211035807,0.008460236886632888,0.009320905459387463
2020-08-06,0.010546500479386545,0.01090604026845643,-0.0006596306068601399
2020-08-07,-0.007115749525616666,-0.00663900414937757,-0.0033003300330033403
2020-08-10,0.009077878643095838,0.00835421888053478,0.0026490066225166586
2020-08-11,-0.007575757575757569,-0.006628003314001596,-0.003963011889035695
2020-08-12,-0.014790076335877811,-0.014178482068390341,-0.004641909814323664
2020-08-13,0.009685230024213176,0.010998307952622577,0.003997335109926725
2020-08-14,0.0023980815347721673,-0.0008368200836819106,0.004644990046450026
2020-08-17,0.010526315789473717,0.010887772194304812,0.00858652575957719
2020-08-18,-0.005681818181818121,-0.004971002485501308,0.0
2020-08-19,-0.0071428571428571175,-0.007493755203996644,-0.0052390307793058755
2020-08-20,-0.03501199040767389,-0.030201342281879318,-0.02106649111257408
2020-08-21,0.021868787276341894,0.018166089965397925,0.0020174848688636615
2020-08-24,0.0029182879377431803,0.003398470688190214,0.0026845637583892135
2020-08-25,0.0077594568380214834,0.0042337002540220325,0.004016064257028162
2020-08-26,0.0038498556304138454,0.006745362563237878,0.0013333333333334085
2020-08-27,0.0023969319271333056,0.0,-0.001997336884154377
2020-08-28,-0.010043041606886627,-0.007537688442211143,-0.0013342228152101177
2020-08-31,-0.01642512077294689,-0.011814345991561281,-0.006680026720106924
2020-09-01,0.015225933202357433,0.006831767719897686,-0.0013449899125755893
2020-09-02,-0.0033865505563618337,-0.0008481764206955678,-0.0013468013468013185
2020-09-03,0.002912621359223211,0.002546689303905003,0.003371544167228624
2020-09-04,-0.007260406582768608,-0.009314140558848383,-0.007392473118279619
2020-09-07,-0.0014627011214041197,0.0,0.0013540961408260443
2020-09-08,0.005859375,0.006837606837606813,0.0013522650439488082
2020-09-09,-0.006796116504854344,-0.005093378607809784,-0.004051316677920358
2020-09-10,0.008797653958944274,0.0068259385665527805,0.0020338983050847137
2020-09-11,0.0004844961240308976,0.0,-0.0013531799729363803
2020-09-14,0.012590799031476863,0.009322033898305104,0.006775067750677488
2020-09-15,0.003825920612147371,0.005877413937867448,0.0020188425302827273
2020-09-16,0.015245354930919497,0.013355592654424209,0.0
2020-09-17,-0.010793054903801003,-0.011532125205930832,-0.00671591672263272
2020-09-18,-0.0009487666034156961,0.0,0.0027045300878973944
2020-09-21,-0.008072174738841364,-0.008333333333333304,-0.006743088334457137
2020-09-22,-0.012924844423169102,-0.010084033613445453,-0.005431093007467802
2020-09-23,-0.0014548981571289588,-0.002546689303904892,-0.0034129692832765013
2020-09-24,-0.024283632831471613,-0.02212765957446805,-0.018493150684931514
2020-09-25,0.0019910403185665615,0.0,-0.006280530355896707
2020-09-28,0.016393442622950838,0.014795474325500324,0.018258426966292207
2020-09-29,0.0024437927663734094,0.0034305317324185847,0.002068965517241228
2020-09-30,0.004388103364212581,0.004273504273504258,0.0034411562284928365
2020-10-05,0.0004854368932039055,0.002553191489361728,-0.002743484224965731
2020-10-06,0.011644832605531397,0.011035653650254718,0.004126547455295837
2020-10-07,0.005275779376498813,0.005877413937867448,0.0
2020-10-08,0.01335877862595436,0.01085141903171949,0.004109589041095818
2020-10-12,0.008003766478342778,0.009083402146986108,-0.0006821282401091588
2020-10-13,0.0004670714619336991,-0.002454991816693952,-0.0020477815699659896
2020-10-14,-0.0037348272642389047,-0.003281378178835115,0.001367989056087593
2020-10-15,-0.009372071227741308,-0.0057613168724279795,-0.0047814207650273
2020-10-16,-0.004257332071901598,-0.004966887417218513,-0.0048043925875086435
2020-10-19,0.01282660332541563,0.008319467554076532,0.0034482758620690834
2020-10-20,-0.0056285178236397115,-0.0016501650165017256,-0.0027491408934708916
2020-10-21,-0.0004716981132075748,-0.0016528925619835322,-0.000689179875947632
2020-10-22,0.0014157621519583774,0.002483443708609201,0.0
2020-10-23,0.0,0.0008257638315443128,0.0027586206896550447
2020-10-26,0.0,0.0008250825082507518,0.004126547455295837
2020-10-27,-0.005655042412818001,-0.00577081615828523,-0.002054794520547909
2020-10-28,-0.004739336492891044,-0.005804311774460946,-0.0013726835964309458
2020-10-29,-0.010952380952381047,-0.011676396997498006,-0.004123711340206171
2020-10-30,-0.008184882041405772,-0.0075949367088608,-0.004830917874396157
2020-11-02,0.003883495145631022,0.003401360544217802,0.0
2020-11-03,0.011605415860734825,0.014406779661017,0.006241331484049928
2020-11-04,0.014818355640535463,0.014202172096908994,0.004824259131633424
2020-11-05,-0.0009420631182289751,0.0008237232289949326,0.002057613168724215
2020-11-06,0.006129184347006156,0.004115226337448652,0.002737850787132068
2020-11-09,0.013120899718837675,0.012295081967213184,0.007508532423208258
2020-11-10,-0.009250693802035137,-0.004048582995951455,0.00203252032520318
2020-11-11,0.01540616246498594,0.010569105691056846,0.013522650439486306
2020-11-12,0.00045977011494247044,0.0032180209171359664,-0.0033355570380253496
2020-11-13,0.004136029411764719,0.002405773857257376,0.002008032128514081
2020-11-16,0.03249427917620129,0.03200000000000003,0.008684034736138768
2020-11-17,0.007092198581560183,-0.012403100775193798,0.001986754966887494
2020-11-18,0.00660211267605626,0.012558869701726705,0.00594844679444817
2020-11-19,-0.0017490161783995095,-0.0046511627906976605,-0.0006570302233902536
2020-11-20,-0.0013140604467806183,-0.0031152647975077885,0.0013149243918475495
2020-11-23,0.01271929824561413,0.012499999999999956,0.011162179908076109
2020-11-24,-0.0047639670853183436,-0.0038580246913579863,-0.0025974025974027093
2020-11-25,-0.008268059181897325,-0.009295120061967421,-0.0013020833333332593
2020-11-26,0.007898200965335667,0.007818608287724738,0.0045632333767926525
2020-11-27,-0.0017414018284718225,0.0,0.0012978585334197934
2020-11-30,-0.011774967291757643,-0.01241272304111718,-0.005184705119896327
2020-12-01,0.008826125330979595,0.00785545954438338,0.007817589576547324
2020-12-02,0.00962379702537186,0.01013250194855786,0.004524886877828038
2020-12-03,0.0,0.0,0.0038610038610038533
2020-12-04,0.016464471403812686,0.013888888888889062,0.01025641025641022
2020-12-07,0.009377664109121886,0.011415525114155223,0.009517766497461944
2020-12-08,0.013935810810810745,0.012791572610985513,0.0056568196103079504
2020-12-09,0.0,0.0,0.008750000000000036
2020-12-10,-0.012078300708038392,-0.009658246656760627,-0.009913258983890949
2020-12-11,0.001264755480607116,0.0007501875468867159,0.0
2020-12-14,-0.004210526315789442,-0.002998500749625266,-0.001877346683354264
2020-12-15,-0.010147991543340451,-0.011278195488721776,-0.016300940438871425
2020-12-16,0.018795386586928586,0.013688212927756682,0.014659018483110353
2020-12-17,-0.005450733752620618,-0.0015003750937735427,-0.0006281407035175768
2020-12-18,-0.003372681281618828,-0.003005259203606392,-0.003142677561282281
2020-12-21,0.009729272419627621,0.010550113036925435,-0.0012610340479192184
2020-12-22,-0.011311269375785415,-0.012677106636838076,-0.008838383838383868
2020-12-23,0.0012711864406780293,0.0030211480362538623,0.002547770700636942
2020-12-24,0.00550148116800675,0.003765060240963791,0.00571791613723005
2020-12-25,0.0012626262626262985,0.0022505626406601476,0.0037902716361339905
2020-12-28,0.008827238335435084,0.009730538922155807,0.008810572687224738
2020-12-29,-0.0008333333333332416,-0.000741289844329085,-0.0006238303181536065
2020-12-30,0.01417848206839012,0.013353115727002818,0.008739076154806513
2020-12-31,0.005345394736842257,0.0065885797950220315,-0.0012376237623762387
2021-01-04,0.01717791411042935,0.018181818181818077,0.0037174721189590088
2021-01-05,0.002010454362685987,0.0035714285714285587,0.0006172839506173311
2021-01-06,0.010834670947030611,0.00782918149466183,-0.006785934608266486
2021-01-07,0.02342199285430735,0.02259887005649719,0.008695652173912771
2021-01-08,0.01784328937160584,0.023480662983425216,0.016009852216748888
2021-01-11,0.00838414634146356,0.003373819163292824,0.01030303030303048
2021-01-12,-0.0015117157974302575,0.0013449899125757003,-0.006598680263947387
2021-01-13,0.024224072672218044,0.02081934184016121,0.01871980676328522
2021-01-14,-0.009238728750923908,-0.009210526315789558,0.007705986959098965
2021-01-15,0.0033569563595672314,0.0033200531208499307,-0.00764705882352934
2021-01-18,-0.0007434944237917351,0.001323626737260275,-0.010077059869591065
2021-01-19,0.026413690476190244,0.024454725710508773,0.00359281437125758
2021-01-20,0.0018122508155129502,0.004516129032257954,-0.02147971360381884
2021-01-21,0.03473227206946472,0.030186255619781832,0.0060975609756097615
2021-01-22,-0.038811188811188946,-0.012468827930174564,0.009090909090909038
2021-01-25,-0.013459439796289496,-0.011363636363636465,0.011411411411411443
2021-01-26,-0.020280235988200612,-0.022349936143039595,-0.009501187648456089
2021-01-27,0.0015054572826498358,-0.0006531678641410466,0.007793764988009544
2021-01-28,-0.020293122886133164,-0.020915032679738488,-0.01130279595478867
2021-01-29,-0.016494054468738084,-0.018024032042723737,-0.01564380264741283
2021-02-01,0.019890795631825275,0.022433718558803717,0.005501222493887514
2021-02-02,0.028298279158699646,0.02859042553191471,0.009726443768997006
2021-02-03,-0.0007437709185570407,0.0006464124111185132,0.0036122817579773425
2021-02-04,-0.005954596203944784,-0.007105943152454941,-0.0029994001199760145
2021-02-05,0.009359790340696339,0.009759271307742345,0.0072202166064980755
2021-02-17,0.04265578635014844,0.04123711340206193,0.011350059737156526
2021-02-18,-0.0014229811454999908,-0.0012376237623761277,0.0035440047253396667
2021-02-19,-0.010687566797292436,-0.009293680297397744,0.0035314891112421254
2021-02-22,-0.0003601008282317908,-0.0006253908692932519,0.011730205278592365
2021-02-23,-0.002161383285302687,-0.003754693366708528,0.01043478260869568
2021-02-24,-0.014801444043321399,-0.01633165829145722,-0.0034423407917383297
2021-02-25,0.008061561011359686,0.010217113665389466,0.003454231433505983
2021-02-26,-0.03017084696474015,-0.020859671302149052,-0.01663798049340215
2021-03-02,0.00037481259370308884,-0.009038089089735357,-0.003500583430571913
2021-03-03,0.014612214312476723,0.016286644951140072,0.00936768149882905
2021-03-04,-0.019571639586410727,-0.02051282051282044,-0.008120649651972012
2021-03-05,-0.006026365348399287,-0.009162303664921545,-0.005847953216374324
2021-03-08,-0.0007578628268283261,-0.0006605019815059121,0.0011764705882353343
2021-03-09,-0.003792188092529347,-0.001982815598149501,0.007050528789659394
2021-03-10,0.004187285877426783,0.0033112582781456013,0.001166861143523823
2021-03-11,0.021228203184230354,0.020462046204620332,0.013403263403263477
2021-03-12,0.004083147735709058,0.0038809831824062613,0.006325474410580734
2021-03-15,-0.0025878003696857554,-0.0012886597938143174,0.005714285714285783
2021-03-16,0.0033358042994811044,0.005161290322580614,0.0028409090909089496
2021-03-17,-0.008496490579977922,-0.00898587933247752,-0.0028328611898015277
2021-03-18,0.005216095380029984,0.0032383419689119286,0.006818181818181612
2021-03-19,-0.015567086730911783,-0.014202711426727022,-0.0028216704288936967
2021-03-22,0.004518072289156683,0.0052390307793059865,0.003961516694962919
2021-03-23,0.0014992503748125774,-0.0006514657980455363,0.0033821871476888976
2021-03-24,-0.01571856287425144,-0.014341590612777178,-0.0011235955056179137
2021-03-25,0.003422053231939115,0.003306878306878369,0.003937007874015741
2021-03-26,0.01818870784388027,0.017798286090969118,0.007843137254901711
2021-03-29,0.00818756978042412,0.006476683937823857,0.012229016120066882
2021-03-30,0.0033222591362127574,0.003217503217503248,0.01317957166392092
2021-03-31,-0.008462104488594635,-0.007697241821680634,-0.003252032520325132
2021-04-01,0.007421150278293043,0.007110536522301425,0.0016313213703100793
2021-04-06,0.013996316758747795,0.014120667522464547,0.004885993485342022
2021-04-07,0.0010897203051216664,0.0012658227848101333,0.0010804970286331095
2021-04-08,0.0032656023222059627,0.0037926675094817064,0.002698327037236714
2021-04-09,-0.0021699819168173873,-0.0031486146095718315,-0.003767491926802813
2021-04-12,-0.005799202609641063,-0.00442198357548973,0.0027012425715828847
2021-04-13,0.0,0.0,-0.0037715517241379004
2021-04-14,0.0054684651841050425,0.005076142131979822,-0.0032449972958354945
2021-04-15,0.008339376359681072,0.010101010101010166,0.0037981551817689585
2021-04-16,0.0014383315354187243,0.0,0.012432432432432527
2021-04-19,0.0017953321364452268,0.0,0.012279765082754857
2021-04-20,-0.0017921146953404632,0.001875000000000071,0.0026371308016877038
2021-04-21,-0.008976660682226245,-0.010605115408608978,0.0005260389268804122
2021-04-22,-0.0007246376811593791,-0.0031525851197982124,-0.006309148264984299
2021-04-23,0.009064539521392412,0.009487666034155628,0.002116402116402183
2021-04-26,0.014732303269852531,0.015037593984962516,0.013199577613516311
2021-04-27,0.0003541076487252326,-0.0012345679012345512,0.0015633142261592958
2021-04-28,-0.006017699115044239,-0.004326328800988932,-0.0015608740894900164
2021-04-29,0.0014245014245013454,0.0024829298572315306,-0.0020844189682127645
2021-05-03,-0.016714082503556105,-0.017337461300309664,-0.006788511749347248
2021-05-04,-0.008679927667269327,-0.006931316950220534,-0.013669821240799074
2021-05-05,-0.009485589201021605,-0.009517766497461944,0.0031982942430703876
2021-05-06,0.008839779005524795,0.009609224855861687,0.002656748140276388
2021-05-07,0.01788974078130723,0.016497461928933976,0.01483836777954406
2021-05-10,-0.006814921090387505,-0.00811485642946308,0.005744125326370808
2021-05-11,-0.037558685446009266,-0.029578351164254335,-0.013499480789200491
2021-05-12,-0.028893058161350793,-0.016861219195849486,-0.056842105263157805
2021-05-13,-0.014683153013910433,-0.03562005277044855,-0.005022321428571619
2021-05-14,0.011372549019607714,0.013679890560875485,0.012338754907459393
2021-05-17,-0.018999612252811104,-0.020917678812415574,-0.03157894736842104
2021-05-18,0.04584980237154168,0.04686423156443831,0.024027459954233388
2021-05-19,-0.006802721088435382,-0.007241606319947302,-0.0011173184357541333
2021-05-20,-0.006849315068493178,-0.0026525198938992522,-0.005592841163310824
2021-05-21,0.014176245210727911,0.011303191489361541,0.01012373453318327
2021-05-24,-0.001511144692104227,0.0,-0.0033407572383075124
2021-05-25,0.017026106696935273,0.019066403681788247,0.012290502793296243
2021-05-26,0.0007440476190476719,0.000645161290322438,-0.001103752759381904
2021-05-27,-0.0070631970260222054,-0.007092198581560294,-0.004972375690607711
2021-05-28,0.016847622613253455,0.013636363636363669,0.009994447529150463
2021-05-31,0.009572901325478611,0.010890454836643304,0.007696536558548406
2021-06-01,0.004376367614879584,0.0025348542458807355,0.007637752318603308
2021-06-02,0.0,-0.003160556257901348,-0.003248511099079532
2021-06-03,-0.000726216412490932,0.003170577045022105,0.0005431830526887449
2021-06-04,-0.004723837209302362,-0.006321112515802807,-0.005428881650380135
2021-06-07,0.002555677254472588,0.001908396946564972,-0.003820960698689979
2021-06-08,-0.0058266569555718295,-0.005079365079365128,0.0010958904109588108
2021-06-09,-0.0073260073260073,-0.00765794511805995,-0.006020799124247356
2021-06-10,0.015498154981549828,0.017363344051446905,0.004405286343612147
2021-06-11,0.00363372093023262,0.0037926675094817064,0.0010964912280704286
2021-06-15,0.005430847212165135,0.005037783375314797,0.0
2021-06-16,-0.0010803024846957054,-0.0012531328320801727,0.0010952902519167917
2021-06-17,-0.002883922134102268,-0.0012547051442911572,0.003829321663019636
2021-06-18,-0.002169197396963196,-0.005025125628140614,-0.0027247956403270157
2021-06-21,-0.023913043478260954,-0.02146464646464652,-0.008743169398907069
2021-06-22,0.00111358574610243,-0.001935483870967869,-0.002756339581036382
2021-06-23,0.01631442343344469,0.018745959922430444,0.006080707573244748
2021-06-24,-0.002553812477198214,-0.001903553299492322,0.0016483516483516425
2021-06-25,0.001828822238478356,0.0031786395422759295,0.0010970927043334466
2021-06-28,0.001825483753194579,0.0038022813688212143,0.0010958904109588108
2021-06-29,0.00291545189504383,0.0012626262626262985,-0.003831417624521105
2021-06-30,0.009811046511627897,0.007566204287515976,0.0016483516483516425
2021-07-01,-0.004677941705649391,-0.003754693366708528,-0.0010970927043334466
2021-07-02,0.0,-0.0012562814070351536,0.0021965952773201902
2021-07-05,0.009399855386840184,0.010062893081761004,0.007123287671232825
2021-07-06,0.0010744985673352137,0.001245330012453305,0.0010881392818280489
2021-07-07,-0.00536672629695889,-0.004975124378109541,-0.0005434782608694233
2021-07-08,-0.0010791366906475197,-0.001875000000000071,0.0032626427406199365
2021-07-09,-0.00792221822110184,-0.011271133375078124,-0.0021680216802167918
2021-07-12,0.00907441016333932,0.011399620012666034,0.0021727322107549796
2021-07-13,0.008273381294964022,0.006261740763932266,0.0010840108401084514
2021-07-14,0.0024973242953978403,0.0037336652146859883,-0.0005414185165131258
2021-07-15,0.0092526690391459,0.007439553626782391,0.0016251354279521735
2021-07-16,-0.013399153737658764,-0.0135384615384615,0.0027041644131964304
2021-07-19,-0.011436740528949163,-0.008109794135995108,-0.0016181229773462036
2021-07-20,-0.007953723788864941,-0.009433962264150941,-0.0075634792004322104
2021-07-21,-0.0036443148688046767,-0.0012698412698411987,-0.0027218290691345404
2021-07-22,0.006949524506218108,0.006357279084551859,0.004366812227074135
2021-07-23,0.0,-0.0012634238787113672,0.0010869565217392907
2021-07-26,-0.008717762440973553,-0.006957621758380772,-0.0016286644951141183
2021-07-27,-0.0003664345914252687,-0.0019108280254778176,-0.002175095160413254
2021-07-28,-0.01576246334310849,0.0031908104658582293,-0.009809264305177146
2021-07-29,0.016759776536312776,0.0012722646310434627,0.006604292790313604
2021-07-30,-0.003296703296703174,-0.0050825921219822545,-0.0016402405686165578
2021-08-02,0.0135979419331127,0.01532567049808442,0.009857612267250904
2021-08-03,0.00398839738941259,0.0012578616352201255,0.0027114967462038564
2021-08-04,0.005778259299386246,0.005025125628140836,0.005408328826392639
2021-08-05,-0.0017953321364452268,-0.0006249999999999867,0.002689618074233513
2021-08-06,-0.0014388489208632116,-0.0018761726078799779,-0.0005364806866953176
2021-08-09,-0.0028818443804035088,-0.001879699248120148,-0.006441223832528098
2021-08-10,-0.005419075144508678,-0.006905210295040987,-0.0032414910858996615
2021-08-11,-0.0032691609153652212,-0.0012642225031604948,-0.001626016260162455
2021-08-12,-0.0018221574344022828,-0.0031645569620253333,-0.003800217155266017
2021-08-13,-0.009492515516611788,-0.008253968253968291,-0.005994550408719546
2021-08-16,-0.002211573903428077,-0.003841229193341844,-0.002192982456140302
2021-08-17,-0.007388252678241614,-0.007712082262210762,-0.025824175824175732
2021-08-18,0.004093784890212282,0.006476683937823857,0.007332205301748385
2021-08-19,-0.022979985174203077,-0.022522522522522515,-0.016797312430011258
2021-08-20,-0.007966616084977285,-0.009874917709019049,-0.005694760820045386
2021-08-23,0.027533460803059295,0.024601063829787106,0.01145475372279492
2021-08-24,0.0029772981019724476,0.00454250486696961,0.005662514156285381
2021-08-25,0.009647495361781111,0.012273901808785403,0.005630630630630407
2021-08-26,0.006982726938625339,0.0051052967453733,-0.0033594624860021627
2021-08-27,0.008394160583941712,0.00952380952380949,0.010112359550561889
2021-08-30,0.009771986970684043,0.008176100628930927,0.007786429365962189
2021-08-31,0.0060931899641576415,0.008109794135994886,0.0033112582781456013
2021-09-01,0.004631278945493422,0.0012376237623763497,0.0005500550055006492
2021-09-02,-0.007801418439716268,-0.008652657601977753,-0.007696536558548739
2021-09-03,0.014295925661186537,0.012468827930174564,0.005540166204986097
2021-09-06,0.004580690627202344,0.004926108374384119,0.0
2021-09-07,-0.004559803577692034,-0.0042892156862744946,0.0
2021-09-08,-0.00880902043692744,-0.007384615384615323,-0.007162534435261603
2021-09-09,-0.0024884464984002985,-0.000619962802231977,-0.0005549389567146568
2021-09-10,0.011760513186029664,0.00992555831265518,0.007773459189339027
2021-09-13,-0.0035223670306445687,-0.004299754299754377,0.0027548209366392573
2021-09-14,0.0010604453870626251,0.0018507094386182033,0.0027472527472527375
2021-09-15,-0.006002824858757028,-0.007389162561576512,-0.0005479452054795164
2021-09-16,-0.004618117229129748,-0.001240694789081842,0.0005482456140351033
2021-09-17,0.002855103497501732,0.0006211180124222615,0.00273972602739736
2021-09-22,-0.023487544483985823,-0.021725636250775948,-0.00983606557377048
2021-09-23,0.005830903790087438,0.0076142131979697325,0.009933774834437026
2021-09-24,0.011956521739130421,0.010075566750629594,0.002732240437158584
2021-09-27,0.0025062656641603454,0.0024937655860348684,0.003814713896457711
2021-09-28,-0.0071428571428571175,-0.006218905472636815,-0.002714440825190012
2021-09-29,-0.021582733812949617,-0.016270337922403177,-0.011431682090364825
2021-09-30,0.007720588235294201,-0.0006361323155216203,0.002753303964757814
2021-10-01,-0.02261948194089769,-0.01400381922342453,-0.009884678747940634
2021-10-04,-0.005972377752892721,-0.009683666881859287,-0.004437049362174261
2021-10-05,-0.0015020653398424288,-0.003911342894393655,0.0005571030640669772
2021-10-06,0.00037608123354648804,-0.0006544502617802372,0.0016703786191536452
2021-10-07,0.017669172932330834,0.018336607727570398,0.011673151750972721
2021-10-08,-0.008496490579977922,-0.006430868167202619,-0.001098901098901095
2021-10-12,-0.010059612518628858,-0.009708737864077666,-0.0066006600660066805
2021-10-13,-0.0033872788859615754,-0.004575163398692683,-0.0016611295681061566
2021-10-14,0.0026435045317219075,0.001969796454366346,0.0011092623405435376
2021-10-15,0.026365348399246757,0.026867627785059023,0.006094182825484795
2021-10-18,-0.0029357798165138282,-0.0038289725590299195,0.0011013215859030367
2021-10-19,0.008097165991902688,0.0076873798846894825,0.0005500550055006492
2021-10-20,-0.002555677254472366,-0.0012714558169104606,0.0
2021-10-21,-0.0036603221083455484,-0.0025461489497136114,-0.0005497526113249496
2021-10-22,0.0029390154298309934,0.0012763241863433805,0.0005500550055006492
2021-10-25,-0.00073260073260073,-0.0019120458891014325,0.0027487630566243038
2021-10-26,0.008431085043988373,0.008939974457215838,0.004934210526315708
2021-10-27,0.0,0.0,0.0016366612111293755
2021-10-28,-0.002908033442384661,-0.0025316455696202667,0.0010893246187364536
2021-10-29,-0.009843237331388921,-0.008248730964466877,-0.0032644178454841466
2021-11-01,0.005154639175257714,0.0038387715930900956,0.0
2021-11-02,-0.001831501831501825,-0.0006373486297004405,0.0010917030567685337
2021-11-03,0.0025688073394494193,0.0031887755102040227,0.003816793893129722
2021-11-04,-0.0032942898975109047,-0.0031786395422759295,0.0005431830526887449
2021-11-05,0.014322438486962907,0.012755102040816313,0.0010857763300760048
2021-11-08,0.007965242577842035,0.008186397984886629,0.005965292841648484
2021-11-09,0.010775862068965525,0.008744534665833914,0.005390835579514697
2021-11-10,-0.001421464108031234,-0.003095975232198178,0.002144772117962601
2021-11-11,-0.008896797153024938,-0.008074534161490732,-0.0010700909577313622
2021-11-12,0.0032315978456014527,0.004383218534752764,0.0032137118371717843
2021-11-15,0.008947745168217613,0.008728179551122262,0.006406833956219993
2021-11-16,0.0017736786094360024,-0.016687268232385755,-0.014323607427055851
2021-11-17,0.0031869688385270933,0.0018856065367693908,0.003767491926802924
2021-11-18,0.005647723261560156,0.006273525721455453,0.006434316353887359
2021-11-19,0.002457002457002533,0.0031172069825435855,-0.003196590303676028
2021-11-22,-0.002450980392157076,-0.0018645121193288094,0.0016034206306787535
2021-11-23,-0.009477009477009468,-0.008094645080946372,-0.00640341515474907
2021-11-24,-0.00425230333097093,-0.005021971123666091,0.0026852846401719255
2021-11-25,-0.000355871886121073,0.0,0.0026780931976431166
2021-11-26,-0.016375934496261846,-0.014511041009463765,-0.012286324786324854
2021-11-29,0.0,-0.003841229193341844,-0.004867495943753353
2021-11-30,-0.0010857763300760048,0.0012853470437019787,0.0010869565217392907
2021-12-01,0.01666666666666683,0.014120667522464547,0.007057546145494031
2021-12-02,0.010691375623663513,0.0113924050632912,0.0
2021-12-03,-0.00035260930888580955,-0.0006257822277848657,0.005929919137466211
2021-12-06,-0.002821869488536244,-0.0012523481527864089,0.002143622722400762
2021-12-07,0.0031835868411744794,0.0025078369905957576,0.0032085561497328108
2021-12-08,0.003878702397743128,0.0031269543464664817,0.002132196162046851
2021-12-09,-0.0024587284861257164,0.0006234413965087171,0.0010638297872340718
2021-12-10,-0.00035211267605639307,-0.0031152647975077885,0.0010626992561104665
2021-12-13,-0.0031701303275800674,-0.00374999999999992,-0.0010615711252653925
2021-12-14,-0.009893992932862195,-0.008782936010037656,-0.006376195536663132
2021-12-15,0.001427551748750977,0.0,0.002139037433155133
2021-12-16,0.012473271560940802,0.012025316455696267,0.005869797225186879
2021-12-17,-0.001055966209081327,0.0,0.0005305039787797394
2021-12-20,-0.00880902043692744,-0.008755472170106304,-0.005832449628844105
2021-12-21,0.008531816565943817,0.007570977917980892,0.0047999999999999154
2021-12-22,0.0,0.001252348152786631,0.0015923566878981443
2021-12-23,0.005639760310186981,0.0056285178236397115,0.002119766825649183
2021-12-24,0.002804065895548602,0.0006218905472636926,0.0015864621893177944
2021-12-27,0.007689619014330518,0.007458048477315016,0.004223864836325086
2021-12-28,0.007977800901838306,0.008019740900678585,0.004206098843323014
2021-12-29,0.004473503097040421,0.003671970624234966,0.003664921465968529
2021-12-30,-0.0030832476875641834,-0.0018292682926830395,0.0
2022-01-03,0.006185567010309256,0.006108735491753281,-0.003651538862806447
2022-01-04,0.021857923497267784,0.021250758955676963,0.004188481675392541
2022-01-05,-0.002005347593582729,0.0047562425683711496,-0.0005213764337851368
2022-01-06,-0.009377093101138656,-0.01242603550295851,-0.0010432968179449054
2022-01-07,-0.008789722785666032,-0.0089874176153385,-0.002088772845952991
2022-01-10,0.0064802182810368425,0.002418379685610761,0.0031397174254317317
2022-01-11,0.00508302270416805,0.004825090470446325,0.004173187271778733
2022-01-12,0.00842886041807156,0.010804321728691502,0.0051948051948051965
2022-01-13,0.005015045135406293,0.004750593824227822,0.006718346253229868
2022-01-14,0.0,0.0,-0.004106776180698213
2022-01-17,0.01131071190951416,0.010047281323877222,-0.001546391752577203
2022-01-18,-0.011184210526315685,-0.011702750146284413,0.0036138358286008643
2022-01-19,-0.011976047904191711,-0.011841326228537619,-0.0015432098765432167
2022-01-20,0.004040404040404066,0.0035949670461352667,0.0
2022-01-21,-0.04325955734406428,-0.020895522388059695,-0.012364760432766575
2022-01-24,0.009463722397476282,0.01097560975609757,-0.0005216484089723972
2022-01-25,-0.016319444444444442,-0.015078407720144793,-0.010438413361169019
2022-01-26,-0.000705965407694964,-0.0030618493570115923,0.0026371308016877038
2022-02-07,0.005298481102083974,0.006756756756756799,0.014729089952656427
2022-02-08,0.0042164441321153046,0.003050640634533197,0.009849663037843515
2022-02-09,0.0034989503149054357,0.0042579075425790425,0.006160164271047375
2022-02-10,0.011506276150627714,0.012719563900666309,0.0025510204081631294
2022-02-11,-0.0006894174422614752,-0.0017942583732056816,-0.0015267175572517555
2022-02-14,-0.015522593997930323,-0.013780707010185855,-0.007135575942915473
2022-02-15,-0.004555010511562596,-0.0036452004860266785,-0.002053388090349051
2022-02-16,0.016543470608940458,0.01585365853658538,0.00411522633744843
2022-02-17,0.0006925207756232066,-0.0006002400960384291,0.0051229508196721785
2022-02-18,-0.0027681660899654403,-0.003603603603603567,0.004077471967380175
2022-02-21,-0.002081887578070707,-0.001808318264014508,0.002538071065989911
2022-02-22,-0.013560500695410371,-0.0126811594202898,-0.019746835443038013
2022-02-23,0.0028198801550933794,0.0012232415902140303,-0.0010330578512396382
2022-02-24,-0.024253075571177396,-0.023824068417837352,-0.01706308169596682
2022-02-25,-0.002161383285302687,-0.0006257822277848657,0.0005260389268804122
2022-03-01,0.014079422382671458,0.01189730745147144,0.014195583596214423
2022-03-02,-0.005695977216091053,-0.00433168316831678,0.0
2022-03-03,0.002148227712137407,0.0012430080795524656,0.0025920165889061764
2022-03-04,-0.010718113612004254,-0.01055245189323395,-0.007755946225439403
2022-03-07,-0.03214156735283491,-0.015683814303638632,-0.020323084940072955
2022-03-08,-0.021268656716417866,-0.03250478011472269,-0.01648936170212778
2022-03-09,0.010293556995806252,0.005270092226613787,0.007571660356949783
2022-03-10,0.029056603773584877,0.028833551769331667,0.017713365539452575
2022-03-11,-0.014301430143014215,-0.012101910828025475,-0.0042194092827004814
2022-03-14,0.0,-0.003223726627981982,0.006355932203389925
2022-03-15,-0.020461309523809534,-0.01875808538163004,-0.007894736842105177
2022-03-16,0.004177744018230012,0.003295978905734964,0.007427055702917684
2022-03-17,0.03177004538577921,0.03285151116951379,0.012638230647709525
2022-03-18,-0.0021994134897361795,-0.003816793893129722,0.0
2022-03-21,0.006612784717119791,0.0063856960408683605,0.0015600624024960652
2022-03-22,-0.0014598540145984717,-0.0012690355329948444,0.0015576323987538387
2022-03-23,0.009502923976608013,0.010800508259212194,0.005184033177812353
2022-03-24,-0.0007241129616220032,-0.0012570710245127792,-0.000515729757607053
2022-03-25,0.0014492753623187582,0.0025173064820642743,-0.003095975232198067
2022-03-28,-0.01085383502170767,-0.011299435028248705,-0.000517598343685366
2022-03-29,0.001097293343087058,0.0012698412698410877,-0.002589331952356111
2022-03-30,0.012422360248447228,0.011414077362079889,0.005711318795430964
2022-03-31,-0.003247924936846003,-0.0018808777429467627,-0.0010325245224573898
2022-04-01,-0.008327299058653148,-0.008165829145728498,-0.0005167958656331351
2022-04-06,-0.005111354508944843,-0.005066497783407287,0.0031023784901758056
2022-04-07,-0.017981651376146712,-0.015913430935709738,-0.008762886597938002
2022-04-08,0.005605381165919354,0.0006468305304010435,0.004680187207488196
2022-04-11,-0.015607580824972267,-0.012928248222365823,-0.006211180124223614
2022-04-12,0.0007550018875048803,-0.0006548788474132206,-0.004687499999999956
2022-04-13,0.018860807242550015,0.01834862385321112,0.008372579801151137
2022-04-14,-0.003702332469455727,-0.002574002574002643,-0.007784120394395355
2022-04-15,-0.017094017094017144,-0.0174193548387096,-0.004707112970711247
2022-04-18,-0.005293005671077378,-0.006565988181221227,-0.00578034682080919
2022-04-19,0.003420752565564289,0.004626569729015095,0.001585623678646897
2022-04-20,0.0049242424242423866,0.004605263157894557,0.0010554089709762238
2022-04-21,0.0007538635506971758,0.0,0.0
2022-04-22,-0.008662900188323941,-0.0052390307793057644,0.001581444385872599
2022-04-25,-0.017857142857142794,-0.01974983541803821,-0.013157894736842146
2022-04-26,0.0,-0.000671591672263272,0.002666666666666595
2022-04-27,-0.020889748549323017,-0.021505376344086113,-0.010638297872340385
2022-04-28,0.00434610825760573,0.006181318681318659,0.0037634408602149616
2022-04-29,0.012981904012588474,0.013651877133105783,0.008034279592929794
2022-05-03,-0.00737864077669903,-0.010101010101010055,-0.0037194473963868546
2022-05-04,0.0,0.0020408163265306367,0.004266666666666641
2022-05-05,0.011345852895148667,0.010183299389002087,0.0021242697822625445
2022-05-06,-0.02011605415860729,-0.018817204301075363,-0.010598834128245804
2022-05-09,-0.01658112909593379,-0.017808219178082174,-0.017675415104445702
2022-05-10,-0.00441589723002811,-0.002789400278940035,0.0
2022-05-11,0.001612903225806539,0.0,-0.008724100327153761
2022-05-12,-0.02375201288244766,-0.023776223776223793,-0.01925192519251928
2022-05-13,0.009072164948453532,0.01002865329512903,0.003925967470555181
2022-05-16,0.005312627707396933,0.004255319148936065,0.0
2022-05-17,0.01097560975609757,0.010593220338983134,-0.0005586592178770111
2022-05-18,0.010856453558504287,0.011180992313067684,-0.008384572386808342
2022-05-19,-0.019093078758949944,-0.01727712508638568,-0.011837655016910809
2022-05-20,0.010948905109489093,0.010548523206751037,0.003422703936109439
2022-05-23,0.0020056157240273542,0.0020876826722338038,-0.005116543490619629
2022-05-24,-0.011208967173738982,-0.012500000000000067,-0.006857142857142895
2022-05-25,0.007692307692307665,0.007032348804500765,0.005753739930955293
2022-05-26,-0.012454801124949788,-0.011871508379888152,-0.003432494279176135
2022-05-27,0.0211554109031733,0.021908127208480455,0.010332950631458004
2022-05-30,0.02430278884462167,0.022821576763485618,0.01477272727272716
2022-05-31,0.009723842862699339,0.007437457741717335,0.0005599104143338973
2022-06-01,-0.00500770416024654,-0.0013422818791946067,0.0016787912702853625
2022-06-02,-0.010452961672473893,-0.009408602150537626,-0.004469273743016644
2022-06-06,0.007042253521126751,0.006784260515603879,-0.001122334455667784
2022-06-07,-0.010101010101009944,-0.011455525606469119,-0.0050561797752809445
2022-06-08,0.01098901098901095,0.011588275391956504,0.005081874647091977
2022-06-09,-0.0031055900621118626,-0.003369272237196741,-0.005617977528090012
2022-06-10,-0.010124610591900396,-0.00811359026369185,-0.005084745762711895
2022-06-13,-0.02793076317859955,-0.02726653033401505,-0.015332197614991494
2022-06-14,-0.0016187778227438887,-0.0014015416958653715,0.0005767012687429851
2022-06-15,-0.004864207539521659,-0.006315789473684275,-0.0017291066282421053
2022-06-16,-0.0020366598778004397,-0.0028248587570621764,-0.004041570438799047
2022-06-17,-0.013469387755102091,-0.011331444759206777,-0.009855072463768266
2022-06-20,-0.009102192800992892,-0.011461318051575908,-0.015222482435597096
2022-06-21,0.0204592901878915,0.018115942028985588,0.021403091557669507
2022-06-22,-0.02209492635024557,-0.020640569395017794,-0.013387660069848706
2022-06-23,-0.013389121338912124,-0.014534883720930258,0.0005899705014749124
2022-06-24,0.0021204410517388084,0.002949852507374784,0.00589622641509413
2022-06-27,0.023698688108336752,0.022058823529411686,0.008792497069167737
2022-06-28,-0.009508061182306737,-0.007194244604316502,-0.005810575246949501
2022-06-29,-0.008347245409014992,-0.010144927536231974,-0.005260081823495022
2022-06-30,-0.025252525252525304,-0.022693997071742245,-0.021151586368977626
2022-07-01,-0.03670120898100171,-0.03445692883895124,-0.01620648259303714
2022-07-04,-0.009861048857014776,-0.01241272304111718,-0.0024405125076265577
2022-07-05,0.004979628791308199,0.00785545954438338,0.003058103975535076
2022-07-06,-0.019369369369369394,-0.016367887763055422,-0.02073170731707319
2022-07-07,0.029857602204869105,0.02773375594294758,0.009339975093399788
2022-07-08,0.010258697591436272,0.010794140323824308,0.0030845157310301907
2022-07-11,-0.008830022075055233,-0.0076277650648359785,-0.0036900369003691758
2022-07-12,-0.02405345211581289,-0.023827824750192073,-0.014197530864197394
2022-07-13,0.03560018256503894,0.03307086614173227,0.02128991859736984
2022-07-14,0.004847950639047971,0.0030487804878049918,0.0018393623543839777
2022-07-15,0.013157894736842035,0.015197568389057725,-0.009791921664626724
2022-07-18,-0.011255411255411185,-0.01571856287425144,0.00803461063040789
2022-07-19,0.0008756567425569628,0.0007604562737641984,0.0
2022-07-20,0.006561679790026309,0.003039513677811634,0.006744328632740881
2022-07-21,0.011299435028248483,0.014393939393939403,0.008526187576126443
2022-07-22,0.0038676407391491363,0.004480955937266495,0.0012077294685990392
2022-07-25,-0.0008561643835616195,-0.0007434944237917351,0.007237635705669598
2022-07-26,-0.008997429305912519,-0.00967261904761918,-0.003592814371257358
2022-07-27,0.009079118028534339,0.008264462809917328,0.006009615384615197
2022-07-28,0.001713796058269157,0.0029806259314455463,0.004181600955794451
2022-07-29,0.009409751924722043,0.008915304606240904,0.005353955978584235
2022-08-01,-0.0029661016949151797,-0.002945508100147265,0.002366863905325589
2022-08-02,-0.017849553761156045,-0.01624815361890708,-0.008854781582054438
2022-08-03,0.0060579835569019025,0.0045045045045046805,-0.002382370458606231
2022-08-04,0.002580645161290196,0.002989536621823552,0.0011940298507462366
2022-08-05,0.02531102531102536,0.024590163934426368,0.011926058437686349
2022-08-08,-0.0020920502092049986,-0.0021818181818182847,0.004714201532115547
2022-08-09,-0.0008385744234800097,-0.0021865889212826506,0.00586510263929596
2022-08-10,-0.010490977759127107,-0.009495982468955555,-0.002915451895043608
2022-08-11,0.018235793044953263,0.018436578171091345,0.011111111111111072
2022-08-12,0.006247396917950843,0.007241129616220032,0.001735106998264957
2022-08-15,0.009105960264900625,0.009345794392523477,0.0005773672055426893
2022-08-16,0.0016406890894173909,0.0007122507122505617,-0.012117714945181657
2022-08-17,0.0004095004095006072,0.002135231316725994,-0.0005841121495328006
2022-08-18,-0.00654932460090063,-0.008522727272727404,0.0023378141437755406
2022-08-19,0.0016481252575195615,0.0021489971346706493,0.0011661807580176653
2022-08-22,-0.014397367338543798,-0.014295925661186537,0.0
2022-08-23,-0.013355592654423987,-0.012327773749093662,-0.008153756552125802
2022-08-24,-0.0025380710659898,-0.002936857562408024,-0.0017615971814445297
2022-08-25,0.00932994062765058,0.008836524300441795,0.004117647058823559
2022-08-26,0.005042016806722671,0.005109489051094762,0.004686584651435233
2022-08-29,-0.025501672240802686,-0.02323892519970938,-0.013994169096209874
2022-08-30,0.001716001716001836,0.0,0.004139562389118945
2022-08-31,0.007280513918629605,0.006691449814126393,0.002944640753828054
2022-09-01,-0.02083333333333326,-0.020679468242245314,-0.010569583088667067
2022-09-02,-0.010855405992184153,-0.009049773755656076,-0.0029673590504450953
2022-09-05,0.0021949078138718825,0.0,0.0023809523809523725
2022-09-06,0.006570302233902758,0.006088280060882578,0.0
2022-09-07,-0.023498694516971286,-0.021936459909228323,-0.008907363420427417
2022-09-08,0.007130124777183555,0.005413766434648082,0.014979029358897611
2022-09-12,0.02123893805309729,0.02076923076923065,0.009445100354191327
2022-09-13,0.005199306759098743,0.005275056518462717,0.004678362573099282
2022-09-14,-0.020258620689655116,-0.019490254872563728,-0.012805587892898651
2022-09-15,0.001759788825340891,0.001529051987767538,0.00589622641509413
2022-09-16,-0.011418533157663613,-0.009923664122137521,-0.009378663540445475
2022-09-19,-0.004442470013327426,-0.006168080185042224,-0.0011834319526626835
2022-09-20,0.008924587237840287,0.00853374709076804,0.0023696682464455776
2022-09-21,-0.008403361344537785,-0.007692307692307665,-0.007092198581560294
2022-09-22,-0.012042818911685904,-0.012403100775193798,-0.010714285714285676
2022-09-23,-0.00948081264108347,-0.010989010989011061,-0.00361010830324926
2022-09-26,-0.018687329079307147,-0.01904761904761909,-0.016304347826086918
2022-09-27,-0.0013934045517882687,-0.0016181229773462036,-0.0012277470841006721
2022-09-28,-0.020930232558139528,-0.021069692058346856,-0.013521819299323834
2022-09-29,-0.003325415676959542,-0.0033112582781456013,0.0037383177570091686
2022-09-30,-0.013822688274547246,-0.014119601328903664,-0.004345127250155234
2022-10-03,-0.012083131947800863,-0.010951979780960408,-0.010598503740648413
2022-10-04,0.02544031311154593,0.022998296422487075,0.013232514177693666
2022-10-05,0.023377862595419963,0.02497918401332222,0.008084577114428004
2022-10-06,0.006993006993007089,0.007311129163281915,-0.0018507094386182033
2022-10-07,-0.016666666666666607,-0.01693548387096766,-0.0067985166872681635
2022-10-11,-0.05178907721280601,-0.05004101722723553,-0.018046048537647796
2022-10-12,-0.0049652432969214955,-0.006044905008635637,0.005069708491761693
2022-10-13,-0.0119760479041916,-0.012163336229365718,-0.014501891551071844
2022-10-14,0.028787878787878807,0.028144239226033374,0.004478566858605149
2022-10-17,-0.01865488463426601,-0.019674935842600605,-0.007643312101910826
2022-10-18,0.01150575287643818,0.01221640488656206,0.0019255455712452463
2022-10-19,-0.013353115727002929,-0.012931034482758674,-0.0006406149903908087
2022-10-20,-0.005513784461152804,-0.0026200873362445254,-0.005769230769230749
2022-10-21,-0.003024193548387122,-0.0061295971978984065,-0.0006447453255963298
2022-10-24,-0.0030333670374116384,0.0,-0.000645161290322549
2022-10-25,-0.01926977687626763,-0.022026431718061623,-0.0032278889606197625
2022-10-26,0.009307135470527417,0.011711711711711592,0.0090673575129534
2022-10-27,0.014344262295082011,0.013357079252003468,0.0038510911424904926
2022-10-28,-0.012626262626262652,-0.012302284710017486,-0.002557544757033292
2022-10-31,0.013299232736572852,0.013345195729537407,0.0064102564102563875
2022-11-01,0.005552751135790013,0.005267778753292207,0.005732484076433009
2022-11-02,0.004016064257028162,0.004366812227074135,0.0018999366687777464
2022-11-03,-0.013000000000000012,-0.012173913043478257,-0.0025284450063212116
2022-11-04,0.0015197568389055949,0.0017605633802817433,0.0038022813688212143
2022-11-07,0.017197774405665278,0.016695957820738183,0.013257575757575912
2022-11-08,0.01044256588761816,0.011235955056179803,0.006230529595015355
2022-11-09,0.028543307086614123,0.02564102564102555,0.00681114551083617
2022-11-10,-0.009569377990430672,-0.009166666666666656,-0.005535055350553542
2022-11-11,0.0531400966183575,0.052144659377628244,0.0191713048855906
2022-11-14,0.00917431192660545,0.011191047162270262,0.01577669902912615
2022-11-15,0.042727272727272725,0.04031620553359683,0.0017921146953405742
2022-11-16,-0.0017436791630339732,-0.01671732522796343,-0.020870602265950944
2022-11-17,0.0004366812227074579,0.0,-0.003045066991473888
2022-11-18,-0.0026189436927105403,-0.0023183925811438577,-0.007330482590103937
2022-11-21,-0.0035010940919038003,-0.004647560030983655,-0.006153846153846287
2022-11-22,0.008344312692138756,0.009338521400778177,-0.003095975232197956
2022-11-23,0.006968641114982521,0.006939090208172738,0.011180124223602483
2022-11-24,0.009515570934256035,0.009188361408882129,0.004299754299754266
2022-11-25,0.0,-0.0015174506828529166,0.003058103975535076
2022-11-28,-0.020137103684661595,-0.01671732522796343,-0.003658536585365746
2022-11-29,0.009182334936598258,0.0061823802163831765,0.007343941248470154
2022-11-30,0.008232235701906232,0.009984639016897168,0.01154313487241776
2022-12-01,0.01718951439621841,0.015209125475285079,0.0018018018018017834
2022-12-02,-0.008871989860583018,-0.006741573033707926,-0.004196642685851293
2022-12-05,0.0012787723785165905,-0.0007541478129713397,0.0036122817579773425
2022-12-06,-0.018305661983822996,-0.01584905660377356,-0.013197360527894553
2022-12-07,-0.006071118820468402,-0.006901840490797562,-0.003039513677811634
2022-12-08,-0.011780104712041828,-0.01158301158301156,-0.004878048780487698
2022-12-09,0.015452538631346657,0.014843750000000044,0.005514705882353033
2022-12-12,-0.009565217391304337,-0.006928406466512715,0.0006093845216332827
2022-12-13,-0.004389815627743654,-0.005426356589147252,-0.00791717417783211
2022-12-14,0.012345679012345512,0.013250194855806585,0.010435850214855824
2022-12-15,0.0008710801393729817,0.0007692307692306333,-0.0012150668286755595
2022-12-16,-0.01653611836379465,-0.017678708685626376,-0.007907542579075555
2022-12-19,-0.005752212389380618,-0.0046948356807511304,-0.0036787247087675112
2022-12-20,-0.018246550956831253,-0.01729559748427678,-0.009230769230769154
2022-12-21,0.004079782411604782,0.0023999999999999577,-0.0018633540372671176
2022-12-22,0.016704288939051848,0.016759776536312998,0.012445550715619147
2022-12-23,-0.01687388987566596,-0.014128728414442793,-0.00491702519975401
2022-12-26,0.0036133694670279493,0.0023885350318473275,0.002470660901791266
2022-12-27,0.004500450045004545,0.002382843526608447,0.0024645717806530687
2022-12-28,-0.014336917562723928,-0.015847860538827252,-0.006146281499692541
2022-12-29,-0.004545454545454519,-0.004025764895330131,-0.0049474335188621765
2022-12-30,0.006392694063926951,0.004042037186742009,0.0049720323182100845
2023-01-03,0.004990925589836603,0.008051529790660261,0.000618429189857661
2023-01-04,-0.0022573363431150906,-0.003993610223642197,0.0030902348578492056
2023-01-05,0.007239819004524861,0.007217321571772128,0.005545286506469571
2023-01-06,0.004492362982928988,0.006369426751592355,0.005514705882353033
2023-01-09,0.035778175313059046,0.032436708860759556,0.015234613040828737
2023-01-10,0.0038860103626943143,0.00766283524904221,0.0012004801920768582
2023-01-11,0.0008602150537633246,-0.0022813688212928174,-0.0005995203836929308
2023-01-12,-0.0042973785990545466,-0.0007621951219511924,-0.0047990401919617565
2023-01-13,0.011652999568407596,0.011441647597254079,0.001808318264014508
2023-01-16,0.007679180887371961,0.008295625942684737,0.004813477737665384
2023-01-17,0.0,-0.0014958863126401933,0.0011976047904191933
2023-01-30,0.02201524132091448,0.04494382022471921,0.017344497607655773
2023-01-31,-0.01988400994200501,-0.016487455197132683,-0.007642563198118957
2023-02-01,0.00591715976331364,0.005102040816326703,0.007109004739336511
2023-02-02,0.01680672268907557,0.014503263234227681,0.007058823529411784
2023-02-03,0.0,0.0,-0.001168224299065379
2023-02-06,-0.01446280991735538,-0.013581129378127277,-0.0029239766081872176
2023-02-07,-0.002096436058700246,-0.0021739130434783593,0.0005865102639295294
2023-02-08,0.015546218487394903,0.014524328249818419,0.005275498241500642
2023-02-09,0.0004137360364089293,0.000715819613457569,-0.0023323615160348865
2023-02-10,0.0008271298593878207,0.0014306151645206988,-0.0029222676797194813
2023-02-13,-0.0020661157024793875,-0.002142857142857224,0.003516998827667095
2023-02-14,0.00745341614906847,0.005726556907659441,0.007009345794392274
2023-02-15,-0.023016851623510193,-0.01992882562277587,-0.004640371229698292
2023-02-16,0.012200252419015678,0.01089324618736387,-0.007575757575757569
2023-02-17,-0.012884455527847005,-0.012931034482758452,0.0005871990604813249
2023-02-20,0.002105263157894832,0.0021834061135370675,0.005281690140845008
2023-02-21,-0.00042016806722688926,-0.001452432824981753,-0.0005837711617044938
2023-02-22,-0.010928961748633892,-0.01018181818181818,-0.003504672897196359
2023-02-23,0.01487462813429663,0.014695077149154967,0.006447831184056341
2023-02-24,-0.005025125628140725,-0.005068790731354023,-0.004076878276062956
2023-03-01,0.004629629629629539,0.00509461426491975,-0.004093567251462038
2023-03-02,-0.0008378718056136769,-0.002896451846488124,0.0029359953024072905
2023-03-03,0.0008385744234800097,0.002178649237472907,0.0029274004683841337
2023-03-06,0.009635525764558173,0.010869565217391353,0.005837711617046271
2023-03-07,0.00663900414937757,0.00501792114695343,0.004643064422518828
2023-03-08,-0.008244023083264662,-0.0064194008559199656,0.0
2023-03-09,-0.0008312551953448821,-0.001435750179468842,-0.005777007510109677
2023-03-10,-0.01580698835274552,-0.014378145219266725,-0.00929692039511909
2023-03-13,0.004226542688081203,0.0029175784099197966,-0.004105571847507372
2023-03-14,-0.01094276094276092,-0.010909090909090868,-0.007656065959952829
2023-03-15,0.0008510638297871687,0.0,0.0
2023-03-16,-0.0046768707482992555,-0.0051470588235292825,-0.005341246290801127
2023-03-17,0.01623237932507471,0.013303769401330268,0.009546539379474916
2023-03-20,-0.007145859604876015,-0.0051057622173594774,-0.0035460992907803135
2023-03-21,0.004657070279424413,0.004398826979472137,0.004151838671411667
2023-03-22,0.01896333754740831,0.01897810218978102,0.010041346721795685
2023-03-23,0.007857733664185185,0.006446991404011504,0.004093567251461927
2023-03-24,0.0028723840787854282,0.005693950177936058,0.0029120559114732547
2023-03-27,-0.006137479541734825,-0.006369426751592355,0.0
2023-03-28,-0.008645533141210304,-0.008547008547008628,-0.0034843205574912606
2023-03-29,0.0016611295681061566,0.00287356321839094,0.002331002331002363
2023-03-30,0.004975124378109541,0.003581661891117527,0.0029069767441860517
2023-03-31,0.0033003300330032292,0.002855103497501732,0.00521739130434784
2023-04-06,-0.004934210526315708,-0.002846975088968029,0.0005767012687429851
2023-04-07,0.0,-0.001427551748750866,0.0005763688760804797
2023-04-10,0.0,0.0014295925661185205,0.0023041474654377225
2023-04-11,-0.001239669421487677,-0.001427551748750866,0.005747126436781658
2023-04-12,-0.0024824162184525767,-0.002144388849178114,0.005142857142857116
2023-04-13,-0.008710078805474919,-0.00859598853868182,-0.0011370096645820782
2023-04-14,0.009623430962343082,0.009393063583814865,0.0022766078542970636
2023-04-17,-0.002486531288852123,-0.0014316392269146938,0.0011357183418512218
2023-04-18,-0.0033236393851266977,-0.0035842293906810374,-0.0005672149744752053
2023-04-19,-0.007503126302626173,-0.007194244604316502,-0.0005675368898979682
2023-04-20,-0.0012599748005038824,-0.0014492753623187582,-0.005110732538330498
2023-04-21,-0.002523128679562725,-0.002902757619738794,-0.0028538812785388057
2023-04-24,-0.003794266441821126,-0.00363901018922852,0.0022896393817974925
2023-04-25,-0.013118916631400857,-0.012417823228634162,-0.010279840091376502
2023-04-26,-0.004288164665523175,-0.008136094674556227,0.002885170225043421
2023-04-27,-0.0008613264427217437,0.0022371364653244186,0.004027617951668505
2023-04-28,0.012068965517241459,0.01116071428571419,0.006303724928366838
2023-05-02,0.0025553662691653045,0.0014716703458423908,0.006833712984054774
2023-05-03,-0.004248088360237934,-0.0029390154298309934,0.0005656108597285048
2023-05-04,0.0025597269624573205,0.0014738393515107973,0.0022611644997172498
2023-05-05,0.002553191489361728,0.003679175864606421,-0.0028200789622110367
2023-05-08,0.006366723259762397,0.00586510263929596,0.0039592760180995334
2023-05-09,0.002952340784479146,0.00291545189504383,0.0016901408450704647
2023-05-10,-0.00925147182506314,-0.007267441860465129,-0.0016872890888639525
2023-05-11,-0.0021222410865874286,-0.004392386530014614,0.0
2023-05-12,-0.002977456401531242,-0.002941176470588225,0.0022535211267604716
2023-05-15,0.0,0.0,0.0022484541877458852
2023-05-16,0.011945392491467421,0.01179941002949847,0.007851934941110583
2023-05-17,0.016441821247892063,0.015306122448979664,-0.0072342793544796224
2023-05-18,0.01327250103691413,0.012921751615218913,0.005605381165919354
2023-05-19,0.002865329512893977,0.002126151665485576,0.004459308807134743
2023-05-22,-0.0016326530612245094,-0.0007072135785006761,0.0
2023-05-23,-0.0008176614881438837,0.0,-0.0005549389567146568
2023-05-24,-0.004909983633387904,-0.004953998584571906,-0.0016657412548585215
2023-05-25,0.011924342105263275,0.010668563300142209,0.0038932146829810943
2023-05-26,0.023567655424624245,0.023223082336382816,0.006648199445983494
2023-05-29,0.006351726875744257,0.004814305364511551,0.010456796917996503
2023-05-30,0.0,0.002053388090349051,-0.0010893246187363426
2023-05-31,-0.004733727810650845,-0.005464480874317057,-0.0016357688113414204
2023-06-01,-0.007927070947284953,-0.008241758241758212,-0.003276897870016282
2023-06-02,0.012784658409908056,0.012465373961218829,0.01808219178082182
2023-06-05,-0.0031558185404340078,-0.002735978112174964,0.0021528525296019563
2023-06-06,0.0027700831024930483,0.003429355281207025,0.0016111707841028888
2023-06-07,0.011049723756906049,0.010936431989063466,0.006970509383378065
2023-06-08,-0.00975800156128026,-0.009465855307640325,-0.00425985090521841
2023-06-09,0.007489160425699692,0.00887372013651877,0.01443850267379676
2023-06-12,0.009389671361502261,0.007442489851150258,-0.0005271481286240887
2023-06-13,0.019767441860465196,0.02081934184016121,0.010021097046413407
2023-06-14,-0.00038008361839614313,-0.0019736842105263497,0.0026109660574413773
2023-06-15,0.003041825095057016,0.0039551746868822235,0.010937500000000044
2023-06-16,-0.0026535253980287665,-0.0032829940906106136,-0.0025759917568264346
2023-06-19,-0.0022805017103764147,-0.0006587615283268899,-0.004132231404958553
2023-06-20,-0.005333333333333301,-0.005932762030322891,-0.007780082987551951
2023-06-21,0.0,0.0006631299734747298,0.011500261369576714
2023-06-26,-0.006127920337035686,-0.005964214711729698,-0.0036175710594315014
2023-06-27,-0.006551059730250386,-0.0033333333333332993,-0.012966804979253066
2023-06-28,0.0015515903801395226,-0.0013377926421404007,0.0036784025223330907
2023-06-29,-0.0003872966692485269,0.0,0.005235602094240788
2023-06-30,0.0003874467260749359,0.0013395847287340779,0.0026041666666667407
2023-07-03,0.012393493415956636,0.011371237458193795,0.014025974025974053
2023-07-04,0.002295332823259555,0.003968253968254176,0.012295081967213184
2023-07-05,-0.0015267175572518665,-0.0039525691699606735,-0.003542510121457454
2023-07-06,-0.022171253822629966,-0.017857142857142794,-0.01015744032503818
2023-07-07,-0.0015637216575449253,-0.0033670033670033517,-0.009235505387378162
2023-07-10,-0.0019577133907595634,-0.002702702702702786,0.0
2023-07-11,0.013730874852883268,0.014227642276422703,0.025375453133091863
2023-07-12,0.0019349845201237503,0.0013360053440214514,0.01969696969696977
2023-07-13,0.011201235998455239,0.010673782521681163,0.016840019811787954
2023-07-14,0.01031321619556902,0.007260726072607193,0.023380418899171973
2023-07-17,-0.001890359168241984,0.001965923984272644,0.012851023322227428
2023-07-18,-0.01628787878787885,-0.018966644865925475,0.007048872180451138
2023-07-19,-0.008471313053523222,-0.0040000000000000036,-0.021931871208586085
2023-07-20,0.004660194174757271,0.0,0.0109732824427482
2023-07-21,-0.01662156938538839,-0.014725568942436484,0.019820670127418616
2023-07-24,0.00039308176100627534,0.0013586956521740579,0.02406293382693203
2023-07-25,0.012573673870333923,0.01085481682496603,0.0031631269769543113
2023-07-26,-0.00271633682576633,-0.0013422818791946067,0.0
2023-07-27,0.0077821011673151474,0.0047043010752687575,-0.0009009009009008917
2023-07-28,0.0,0.0006688963210701449,0.01217312894499556
2023-07-31,-0.00540540540540535,-0.004010695187165791,-0.02628062360801786
2023-08-01,0.005046583850931485,0.004697986577181235,0.00045745654162865357
2023-08-02,-0.012359984550019298,-0.011356045424181671,-0.03200731595793316
2023-08-04,-0.00469299960891667,-0.005405405405405461,-0.0009447331128957792
2023-08-07,0.00982318271119853,0.006793478260869623,0.028841607565011973
2023-08-08,-0.011673151750972721,-0.00944669365721984,-0.006893382352941235
2023-08-09,0.0015748031496063408,0.0013623978201633413,-0.00509023600185099
2023-08-10,-0.0062893081761006275,-0.0054421768707483276,-0.019069767441860508
2023-08-11,-0.0007911392405064444,-0.0020519835841311673,0.00616405879563775
2023-08-14,-0.014251781472684022,-0.01233721727210424,-0.008011310084825585
2023-08-15,0.0016064257028112205,0.000693962526023606,0.018052256532066435
2023-08-16,-0.005212510024057759,-0.004160887656033285,-0.0074661689220718586
2023-08-17,0.00443369609028621,0.001392757660167332,0.002350728725905027
2023-08-18,-0.006019261637239204,-0.004867872044506338,-0.012664165103189462
2023-08-21,-0.006863140896245401,-0.0034940600978337066,0.00047505938242276
2023-08-22,0.008130081300812941,0.004908835904628539,0.002849002849002913
2023-08-23,0.006854838709677402,0.007676203768318235,0.007575757575757569
2023-08-24,0.0172206647977573,0.016620498614958512,0.0046992481203007586
2023-08-25,-0.019291338582677175,-0.017029972752043543,-0.018709073900841866
2023-08-28,0.006423123243677109,0.0034650034650034467,-0.007149666348903794
2023-08-29,0.005584363781412138,0.004834254143646355,0.005760921747479664
2023-08-30,0.004363347877826218,0.004810996563573866,0.0028639618138426304
2023-08-31,-0.0071090047393364,-0.0068399452804377425,-0.0019038553069967712
2023-09-01,0.0015910898965791898,0.0013774104683197397,-0.0042918454935622075
2023-09-04,0.006751389992057044,0.00687757909215958,0.00287356321839094
2023-09-05,-0.002366863905325367,-0.001366120218579403,0.00047755491881562584
2023-09-06,-0.003558718861209953,-0.0034199726402188713,0.0042959427207636125
2023-09-07,-0.009126984126984206,-0.008922443376801481,-0.004752851711026462
2023-09-08,-0.004405286343612258,-0.0041551246537395725,-0.00047755491881573686
2023-09-11,-0.004022526146419958,-0.003477051460361591,-0.022933588150979456
2023-09-12,0.010096930533117998,0.007676203768318235,-0.0019559902200488866
2023-09-13,0.0011995201919232645,0.0006925207756232066,0.001959823615874434
2023-09-14,0.013977635782747688,0.01384083044982698,0.01760391198044009
2023-09-15,0.003150846790074713,0.0034129692832765013,0.001922152811148603
2023-09-18,-0.010600706713780883,-0.009523809523809601,-0.012470023980815426
2023-09-19,-0.00436507936507935,-0.004120879120879106,-0.005342399222923677
2023-09-20,-0.005579912315663682,-0.006206896551724128,-0.001953125
2023-09-21,-0.01603206412825653,-0.013185287994448291,-0.010273972602739767
2023-09-22,-0.0008146639511200648,-0.002812939521800173,0.004943153732080985
2023-09-25,0.007337953526294294,0.007757404795486478,0.0054107230693558606
2023-09-26,-0.011736139214892805,-0.011896431070678948,-0.008806262230919737
2023-09-27,0.0004095004095006072,0.0,0.001974333662388972
2023-09-28,0.004093327875562824,0.003541076487252104,0.003940886699507207
2023-10-02,0.013045250713412004,0.013408609738885024,0.01864573110893053
2023-10-03,-0.006036217303822977,-0.004874651810584885,-0.006262042389210132
2023-10-04,-0.012955465587044523,-0.01259622113365999,-0.009209888511875763
2023-10-05,0.014356029532403669,0.012048192771084487,0.009784735812133016
2023-10-06,0.003639304488475492,0.004901960784313708,0.005329457364340984
2023-10-11,0.01732473811442392,0.015331010452961591,-0.0014457831325301873
2023-10-12,0.008316831683168324,0.008236101578586341,0.008204633204633272
2023-10-13,-0.00274941084053415,-0.002042205582028722,-0.013882240306366644
2023-10-16,-0.0055139818826309694,-0.005457025920873049,-0.004854368932038944
2023-10-17,0.0023762376237623783,0.0,-0.006829268292682933
2023-10-18,-0.013828526274199948,-0.010973936899863035,-0.015717092337917515
2023-10-19,0.0004006410256409687,0.0020804438280166426,-0.0009980039920159944
2023-10-20,0.004405286343612369,0.0013840830449827202,-0.00849150849150837
2023-10-23,-0.012360446570973016,-0.011057360055286791,-0.008060453400503764
2023-10-24,0.0008074283407348837,0.0006988120195667857,0.008633824276282231
2023-10-25,0.002016942315449688,0.0013966480446927498,0.002014098690835908
2023-10-26,-0.01972624798711753,-0.016039051603905286,-0.01306532663316573
2023-10-27,0.004517453798768001,0.0014174344436570507,0.006109979633401208
2023-10-30,-0.002452984464431651,-0.0014154281670206714,-0.0015182186234818928
2023-10-31,-0.006967213114754012,-0.006378454996456506,-0.011657374556512945
2023-11-01,0.004952538175815091,0.0028530670470756636,0.005641025641025532
2023-11-02,0.022587268993839782,0.024182076813655806,0.017848036715961246
2023-11-03,0.007630522088353464,0.005555555555555536,0.002004008016031955
2023-11-06,0.008768433638900008,0.008977900552486151,0.012499999999999956
2023-11-07,-0.0003951007506913795,-0.000684462696783017,-0.0024691358024692134
2023-11-08,0.005533596837944632,0.004794520547945158,0.013366336633663378
2023-11-09,0.00039308176100627534,0.0013633265167007913,-0.0004885197850511558
2023-11-10,-0.003929273084479323,-0.004084411164057111,-0.00488758553274693
2023-11-13,0.01538461538461533,0.015037593984962294,0.0
2023-11-14,0.002331002331002363,0.0033670033670034627,0.008349705304518729
2023-11-15,0.012015503875969058,0.010738255033557076,0.007793472966390658
2023-11-16,0.0003829950210645361,-0.009296148738379806,-0.02078298695021752
2023-11-17,0.003062787136294043,0.00201072386058998,0.005429417571569672
2023-11-20,-0.0003816793893131054,-0.0013377926421404007,-0.0004909180166913218
2023-11-21,0.012218403970981395,0.0120562625586067,0.015225933202357655
2023-11-22,-0.00905318747642414,-0.007279947054930513,-0.005805515239477588
2023-11-23,-0.0003806623524932329,-0.0013333333333332975,-0.005352798053527952
2023-11-24,-0.0007616146230009502,-0.0006675567423232165,-0.0014677103718200302
2023-11-27,-0.006478658536585358,-0.00868403473613888,-0.00440960313571781
2023-11-28,0.0069044879171462625,0.008760107816711438,0.005413385826771533
2023-11-29,-0.0007619047619047414,-0.0006680026720106147,0.00538423886441497
2023-11-30,0.0015249714067859799,0.0020053475935830622,0.0024342745861734016
2023-12-01,0.003425961172440095,0.0013342228152100066,-0.0038853812530353915
2023-12-04,-0.003793626707132014,-0.0019986675549632515,0.0024378352023401995
2023-12-05,-0.007235338918507361,-0.006675567423230944,-0.004863813229571856
2023-12-06,0.0034522439585731313,0.0026881720430105283,0.004398826979472137
2023-12-07,-0.006116207951070374,-0.005361930294906059,-0.001946472019464629
2023-12-08,0.008076923076923093,0.006064690026954311,0.004388103364212581
2023-12-11,0.0011446012972147201,0.002009377093101117,0.00048543689320368344
2023-12-12,0.0022865853658537993,0.0020053475935830622,0.0009704027171275609
2023-12-13,0.00038022813688232127,0.0013342228152100066,0.009694619486185108
2023-12-14,0.012162675788673472,0.009993337774816702,0.012962073931829243
2023-12-15,0.004130679684566152,0.0032981530343008103,-0.005213270142180204
2023-12-18,0.0014958863126404154,0.0006574621959236637,0.0023820867079562547
2023-12-19,-0.0037341299477221535,-0.001971090670170761,-0.004752851711026462
2023-12-20,0.002623688155922066,0.0019749835418036987,0.01241642788920716
2023-12-21,-0.008598130841121487,-0.007884362680683266,-0.004245283018867951
2023-12-22,0.002639517345399689,0.001986754966887494,0.001894836570345726
2023-12-25,0.004136893569010924,0.004626569729015095,0.010874704491725895
2023-12-26,0.00561797752808979,0.0052631578947368585,0.00561272217025266
2023-12-27,0.011173184357541999,0.009162303664921323,0.012093023255814073
2023-12-28,0.0,0.0012970168612194133,0.00045955882352921584
2023-12-29,-0.0022099447513812542,-0.0006476683937823857,0.0013780431786862835
2024-01-02,-0.004060538944259728,-0.003240440699935232,-0.011009174311926717
2024-01-03,-0.017420311341734607,-0.016905071521456594,-0.01437847866419284
2024-01-04,-0.0003772161448510891,-0.000661375661375585,-0.0018823529411764461
2024-01-05,-0.0026415094339622414,-0.002647253474520217,-0.00047147571900052476
2024-01-08,0.004540295119182636,0.007299270072992803,0.0033018867924528017
2024-01-09,0.0018832391713747842,-0.0006587615283268899,-0.0009402914903620108
2024-01-10,-0.0052631578947367474,-0.0039551746868820015,-0.007058823529411673
2024-01-11,0.004157218442932598,0.0046326935804104075,0.005213270142180093
2024-01-12,-0.0015054572826495027,-0.0026350461133070047,-0.0009429514380009385
2024-01-15,0.0026385224274405594,0.0033025099075296716,0.0
2024-01-16,-0.010150375939849576,-0.009874917709019049,-0.005663048607833954
2024-01-17,-0.03190277250284845,-0.0066489361702127825,-0.010441385856668206
2024-01-18,0.006669282071400717,0.004016064257028162,-0.0009592326139090668
2024-01-19,0.03585346843335935,0.03333333333333344,0.02064330292846872
2024-01-22,0.006772009029345494,0.005161290322580614,0.017873941674506177
2024-01-23,0.0018684603886398587,0.003209242618742003,-0.00046210720887251977
2024-01-24,-0.00037299515106314907,0.000639795265515053,0.00046232085067043904
2024-01-25,0.012313432835820981,0.011508951406649537,0.002310536044362266
2024-01-26,0.0,0.0,-0.007837713231904186
2024-01-29,0.006266126059712551,0.006321112515802696,0.0069702602230483635
2024-01-30,-0.002564102564102555,-0.0018844221105526193,0.0013844023996307797
2024-01-31,-0.01322071244950429,-0.012586532410320928,-0.003225806451612967
2024-02-01,0.0,0.0,0.0036985668053630683
2024-02-02,0.005582433941198284,0.006373486297004405,0.006448641179180203
2024-02-05,0.0062916358253144455,0.007599746675110763,0.0018306636155605016
2024-02-15,0.047076130930489235,0.04274041483343827,0.01416171767930563
2024-02-16,-0.007376185458377149,-0.005424954792043413,0.004954954954955015
2024-02-19,-0.0014154281670206714,-0.001212121212121109,-0.0004482294935005404
2024-02-20,0.0038979447200566675,0.00364077669902918,0.004484304932735439
2024-02-21,-0.0031768443346277264,-0.0036275695284159193,-0.004910714285714213
2024-02-22,0.011331444759206999,0.011529126213592145,0.0053835800807537915
2024-02-23,0.006652661064425747,0.006598680263947276,0.002231146809460016
2024-02-26,0.0013913043478259723,0.0029797377830751426,-0.0022261798753339113
2024-02-27,-0.004168113928447292,-0.0035650623885918886,-0.024988844265952603
2024-02-29,-0.0003487966515520746,0.0011926058437687903,0.006407322654462089
2024-03-01,-0.0034891835310537633,-0.0029779630732579276,0.0018190086402911643
2024-03-04,0.02906162464985984,0.025686977299880454,0.0018157058556513839
2024-03-05,0.008166042871725177,0.009318578916715392,0.004531037607612198
2024-03-06,0.004724940938238165,0.0057703404500866196,0.005412719891745521
2024-03-07,0.023177695666778853,0.0206540447504302,0.0017945266935845972
2024-03-08,0.014116874589625628,0.012928611579539062,-0.00089565606806985
2024-03-11,-0.01003561022984778,-0.008879023307436174,0.0013446884805021764
2024-03-12,0.01046435578809679,0.010078387458006821,0.009400179051029633
2024-03-13,0.004854368932038833,0.006651884700665134,-0.001330376940133049
2024-03-14,-0.0009661835748792091,-0.002753303964757703,-0.009769094138543433
2024-03-15,-0.013539651837524147,-0.008282716731087825,0.0035874439461882623
2024-03-18,0.009150326797385588,0.0055679287305121505,-0.00044682752457547714
2024-03-19,-0.00226683937823835,0.0,0.0008940545373268272
2024-03-20,-0.005517689061993014,-0.00442967884828338,-0.004466279589102395
2024-03-21,0.027415143603133352,0.023359288097886566,0.010318528488111323
2024-03-22,-0.0012706480304957024,0.0005434782608695343,0.000888099467140302
2024-03-25,0.001908396946564972,0.0005431830526887449,-0.002661934338952898
2024-03-26,0.0006349206349205438,0.0010857763300760048,-0.0031138790035587505
2024-03-27,0.00031725888324873885,0.0005422993492407713,0.006247211066488179
2024-03-28,-0.004757373929590858,-0.004878048780487809,0.0008869179600887733
2024-03-29,0.006373486297004405,0.004901960784313708,0.005759858218874481
2024-04-01,-0.0031665611146295403,-0.0043360433604336945,-0.004405286343612258
2024-04-02,0.014294790343075015,0.01469787697332614,0.003097345132743401
2024-04-03,-0.006890072032571193,-0.0042918454935623185,-0.0017644464049405562
2024-04-08,0.005676442762535316,0.003232758620689724,0.0035351303579320703
2024-04-09,0.02383192223267483,0.025241675617615478,0.0022016732716865217
2024-04-10,-0.0015313935681470214,-0.0010476689366161196,0.0017574692442881013
2024-04-11,-0.0030674846625766694,-0.004195070791819577,-0.0013157894736842701
2024-04-12,-0.002461538461538515,-0.0015797788309637184,-0.0030742204655248573
2024-04-15,-0.012954966070326979,-0.010548523206751037,-0.008370044052863346
2024-04-16,-0.02718749999999992,-0.026652452025586304,-0.022656597067969853
2024-04-17,0.011243173787343297,0.01150054764512598,0.006818181818181834
2024-04-18,0.009847522236340334,0.007579859231185759,0.0009029345372462139
2024-04-19,-0.050644856873230504,-0.04889844169801183,-0.019395579612088598
2024-04-22,-0.0029821073558649047,-0.005649717514124242,-0.00873965041398339
2024-04-23,0.009637753406447347,0.008522727272727293,0.0032482598607888047
2024-04-24,0.029295589203423233,0.02985915492957747,0.018963922294171986
2024-04-25,-0.018228333866325497,-0.015864332603938713,-0.011802088061734106
2024-04-26,0.016286644951140072,0.015564202334630295,0.003215434083601254
2024-04-29,0.017948717948718107,0.01532567049808442,0.019230769230769384
2024-04-30,-0.0034634760705289924,-0.0005390835579514031,0.0
2024-05-02,-0.013270142180094702,-0.012944983818770295,-0.0017969451931717506
2024-05-03,0.005123278898494954,0.005464480874316946,0.0036003600360037247
2024-05-06,0.014335775724753086,0.014130434782608559,0.014798206278026749
2024-05-07,0.005653266331658413,0.004823151125401992,0.0057445868316394755
2024-05-08,0.0037476577139288203,0.0037333333333333663,0.005711775043936607
2024-05-09,-0.001244555071561848,-0.0010626992561104665,-0.002621231979030192
2024-05-10,0.007165109034267925,0.007978723404255428,0.012702584318878829
2024-05-13,0.010207237859573226,0.0068601583113456766,0.0017301038062282892
2024-05-14,0.006736068585425636,0.007861635220125729,0.006044905008635526
2024-05-15,0.013686131386861256,0.014040561622464809,0.0042918454935620964
2024-05-16,0.004800480048004596,0.006153846153846176,0.007264957264957239
2024-05-17,-0.0011943863839951607,-0.003058103975535187,-0.02460755197284692
2024-05-20,-0.0002989536621824662,-0.0015337423312882237,0.001304915180513344
2024-05-21,-0.0011961722488037507,-0.0005120327700973704,-0.006516072980017329
2024-05-22,0.017964071856287456,0.01946721311475419,0.014429383471797008
2024-05-23,0.007647058823529562,0.007035175879396949,-0.0008620689655172153
2024-05-24,-0.004086398131932345,-0.0029940119760478723,-0.0008628127696289623
2024-05-27,0.013774912075029233,0.012012012012011963,0.016407599309153698
2024-05-28,0.0014455044810639528,0.0004945598417409602,0.000849617672047609
2024-05-29,-0.013568129330253975,-0.010874938210578389,-0.009762308998302216
2024-05-30,-0.017266608135791617,-0.017491254372813625,-0.009429918559794248
2024-05-31,-0.011316259678380014,-0.008138351983723258,-0.0017308524448290674
2024-06-03,0.02138554216867483,0.01692307692307704,0.007802340702210753
2024-06-04,-0.0159245060454144,-0.013615733736762614,-0.008602150537634357
2024-06-05,0.009589451603236432,0.009713701431492971,-0.006507592190889477
2024-06-06,0.034134758088453454,0.030886075949366987,0.004366812227074357
2024-06-07,-0.007749712973593503,-0.007367387033398787,0.00043478260869567187
2024-06-11,0.002603413364188789,0.002474022761009387,-0.0017383746197306982
2024-06-12,0.017888055395268276,0.018262586377097767,0.0026121027427079557
2024-06-13,0.014455782312924992,0.013572467280659195,0.012158054711246091
2024-06-14,0.005867560771165126,0.006695361071257899,0.0008580008580008069
2024-06-17,0.0,-0.00047505938242276,0.0017145306472354793
2024-06-18,0.016666666666666607,0.016634980988593062,0.005990586221651606
2024-06-19,0.027049180327868738,0.030855539971949453,0.013611229264142821
2024-06-20,0.009577015163607427,0.0054421768707482165,0.006294586655476442
2024-06-21,-0.0060606060606061,-0.007668019846639562,-0.005421184320266836
2024-06-24,-0.024390243902439046,-0.021818181818181848,-0.006708595387840632
2024-06-25,-0.0005434782608695343,-0.0013940520446096283,-0.002532714225411681
2024-06-26,0.007884719956497976,0.009306654257794422,-0.0012695725772322586
2024-06-27,-0.0002697599136767259,-0.0018441678192715472,-0.0029661016949152907
2024-06-28,0.006206152185644687,0.00877598152424941,0.006799830004249996
2024-07-01,0.0008045052292839916,0.001831501831501825,0.008020261713803212
2024-07-02,-0.006698821007502631,-0.007312614259597949,-0.002512562814070307
2024-07-03,0.012139196115457329,0.011510128913443829,0.005877413937867448
2024-07-04,0.026119402985074647,0.025489303595812585,0.005843071786310494
2024-07-05,-0.0036363636363635488,-0.002219263204616073,0.004149377593360981
2024-07-08,0.03154327424400405,0.028469750889679624,0.006198347107438051
2024-07-09,-0.0010108668182966518,0.001297577854671328,-0.000410677618069899
2024-07-10,0.0035416139640778166,0.004319654427645814,0.0008216926869351049
2024-07-11,0.02218300983110666,0.022795698924731322,0.009031198686371145
2024-07-12,-0.03156596794081379,-0.02775441547518931,-0.007323026851098424
2024-07-15,0.0017825311942958333,-0.0017301038062282892,-0.0004098360655736544
2024-07-16,0.0007625826131163471,-0.0017331022530329143,-0.0020500205002050853
2024-07-17,-0.013970027940055862,-0.01302083333333337,-0.005751848808545623
2024-07-18,-0.018031942297784598,-0.020228671943711474,-0.009504132231405005
2024-07-19,-0.022822665267576037,-0.021543985637342944,-0.015435961618689875
2024-07-22,-0.029798657718120847,-0.031192660550458773,-0.016949152542372947
2024-07-23,0.030990592141671325,0.028882575757575912,0.011206896551724244
2024-07-26,-0.03918411164787983,-0.03543488265071337,-0.01534526854219942
2024-07-29,0.00893854748603351,0.008110687022900853,-0.004761904761904856
2024-07-30,0.0,0.0009465215333648302,-0.0030448020878641735
2024-07-31,0.0013842746400885009,-0.0009456264775413725,0.0021815008726002727
2024-08-01,0.017417749516173586,0.017983909133932663,0.016978667827601157
2024-08-02,-0.05054347826086958,-0.0478847047884704,-0.020976027397260233
2024-08-05,-0.0912993703491699,-0.0849609375,-0.06777437691298649
2024-08-06,0.055118110236220375,0.041088580576307265,0.025328330206378924
2024-08-07,0.039701492537313365,0.040492055356227574,0.02333028362305578
2024-08-08,-0.02067183462532296,-0.017733990147783207,-0.0120697362539115
2024-08-09,0.03107593081207849,0.030090270812437314,0.02126696832579178
2024-08-12,0.012510662496445946,0.01314508276533588,0.01550731058927779
2024-08-13,0.002527379949452291,0.0033637674195099443,0.003054101221640293
2024-08-14,0.012605042016806678,0.011973180076628287,0.01174423662461943
2024-08-15,-0.007745504840940609,-0.005679129200189426,-0.005588993981083479
2024-08-16,0.0225815444661277,0.02189433603046176,-0.011673151750972721
2024-08-19,0.0013631406761178688,0.0009315323707499434,0.0008748906386701893
2024-08-20,0.0005445140212361199,0.0004653327128896212,0.0004370629370629153
2024-08-21,-0.010612244897959089,-0.011627906976744207,-0.003494975972040293
2024-08-22,-0.0052255225522552795,-0.004235294117647115,-0.003945637878123631
2024-08-23,0.0005529444290848229,0.0014177693761814325,0.0017605633802817433
2024-08-26,0.001657916551533578,-0.00047192071731949614,0.00746924428822493
2024-08-27,-0.00441379310344836,-0.0037771482530689626,-0.0017444395987789019
2024-08-28,0.01413133832086455,0.013744075829383862,0.00174748798601998
2024-08-29,-0.013661202185792365,-0.011220196353436185,-0.001308329699084232
2024-08-30,0.00470914127423816,0.0,0.0004366812227074579
2024-09-02,-0.0027570995312931057,-0.0009456264775413725,-0.0004364906154518122
2024-09-03,-0.004423555432678916,-0.002839564600094713,-0.004366812227074135
2024-09-04,-0.04887531241321863,-0.04793545325106785,-0.031140350877193024
2024-09-05,0.006131386861313981,0.004486540378863424,-0.0004526935264826948
2024-09-06,0.014219384793964007,0.013895781637717208,0.0126811594202898
2024-09-09,-0.015450643776823925,-0.016152716593245242,-0.010286225402504456
2024-09-10,0.0017436791630338622,0.0004975124378108209,-0.002711251694532235
2024-09-11,-0.0029010733971569502,-0.0024863252113376255,-0.003171726325328472
2024-09-12,0.037532732033750404,0.03688933200398803,0.012272727272727213
2024-09-13,0.000560852495793629,0.0038461538461538325,0.00044903457566247695
2024-09-16,0.001961883408071685,0.003831417624520883,0.0013464991023337536
2024-09-18,-0.005034965034965033,-0.00858778625954193,-0.005378753922007928
2024-09-19,0.01293224627495082,0.013955726660250134,0.005858494817485349
2024-09-20,0.012767138495697994,0.01186521120075934,0.005824372759856589
2024-09-23,0.004384762948753229,0.0037523452157599557,0.00579064587973277
2024-09-24,0.009549795361528002,0.00981308411214954,0.003985828166519267
2024-09-25,0.014864864864864824,0.016196205460434987,0.009263343625937281
2024-09-26,0.008255659121171766,0.006830601092896238,0.0030594405594406293
2024-09-27,-0.0021130480718436484,-0.0022614201718679228,0.0008714596949890296
2024-09-30,-0.026204340921122338,-0.025385312783318237,-0.009577710056595468
2024-10-01,-0.0019026909486272725,0.0,-0.00219780219780219
2024-10-04,0.0,0.0,-0.006167400881057272
2024-10-07,0.02478213507625271,0.022790697674418547,0.00310283687943258
2024-10-08,-0.00478341748604838,-0.004547521600727578,-0.0061864781263809565
2024-10-09,0.009345794392523255,0.01187756966651432,0.00444642063139189
2024-10-11,0.016666666666666607,0.017155756207674955,0.00619743249225313
2024-10-14,0.0007806401249024209,0.0013315579227695107,0.002199736031676336
2024-10-15,0.021320852834113335,0.019060283687943214,0.010096575943810304
2024-10-16,-0.01731160896130346,-0.01565898216615913,-0.0052151238591916504
2024-10-17,0.0015544041450776813,0.00044189129474148103,0.006553079947575258
2024-10-18,0.024831867563372967,0.023851590106007015,0.003472222222222321
2024-10-21,-0.00025239777889940473,0.0025884383088869978,-0.0004325259515571833
2024-10-22,-0.0037869224943196667,-0.005163511187607606,0.0030289917784509512
2024-10-23,-0.006588950836289964,-0.006055363321799234,-0.004745470232959459
2024-10-24,-0.006122448979591799,-0.006092254134029584,-0.0039011703511053764
2024-10-25,0.008213552361396204,0.007005253940455258,0.005221932114882533
2024-10-28,-0.001782077393075343,-0.0013043478260870156,0.0012987012987011326
2024-10-29,-0.023208365212955884,-0.018284719198955135,-0.009079118028534228
2024-10-30,0.0015665796344648264,-0.004878048780487809,-0.0021815008726003837
2024-11-01,-0.006777893639207555,-0.004901960784313708,-0.004372540445999218
2024-11-04,0.01286089238845145,0.01343484102104786,0.003513394817742821
2024-11-05,0.0036278828712101863,0.002651347768448886,0.006126914660831373
2024-11-06,0.00800413116447185,0.008373732921992172,0.002174858634188759
2024-11-07,0.011526639344262346,0.00874125874125875,0.006510416666666741
2024-11-08,0.007850088630033003,0.009098786828422911,0.00043122035360054767
2024-11-11,0.0005025125628139726,0.0,-0.001293103448275712
2024-11-12,-0.025615268709191286,-0.02361528553027048,-0.010789814415192112
2024-11-13,-0.006443298969072142,-0.006596306068601621,0.0
2024-11-14,-0.009079118028534339,-0.007968127490039945,-0.007853403141361404
2024-11-15,0.007068062827225052,0.002231146809460016,-0.0004397537379067229
2024-11-18,-0.014036911879386493,-0.016918967052537814,-0.029476462824461147
2024-11-19,0.013709464803585591,0.009510869565217295,0.004533091568449832
2024-11-20,-0.004161248374512372,-0.0022431583669807464,-0.0013537906137184308
2024-11-21,-0.010968921389396646,-0.011690647482014316,-0.00225937641211027
2024-11-22,0.019540533403749727,0.015923566878981,0.0031702898550725056
2024-11-25,-0.0036260036260037376,-0.0017913121361397,0.006772009029345494
2024-11-26,-0.012997140629061654,-0.013907581875280406,-0.0053811659192825045
2024-11-27,-0.014485119831445847,-0.012283894449499622,-0.009918845807033283
2024-11-28,-0.0016034206306786425,-0.002303086135421517,-0.010018214936247882
2024-11-29,0.0024089935760169823,-0.0004616805170821747,0.0009199632014720294
2024-12-02,0.02376502002670211,0.026789838337182514,0.01332720588235281
2024-12-03,0.013562858633281216,0.011695906432748426,0.0022675736961450532
2024-12-04,0.0059186824498198565,0.008003557136505135,0.0036199095022624306
2024-12-05,0.005372217958557135,0.004411116012351224,0.0036068530207395977
2024-12-06,-0.003816793893129722,-0.0030742204655247463,0.0040431266846361336
2024-12-09,0.0012771392081736277,0.0008810572687223406,0.0
2024-12-10,-0.0071428571428571175,-0.004401408450704247,-0.004026845637583931
2024-12-11,-0.008735868448098594,-0.010610079575596676,-0.0040431266846361336
2024-12-12,0.011664074650077794,0.011170688114387817,0.0036084799278304214
2024-12-13,0.000768639508070823,0.002651347768448886,-0.002696629213483126
2024-12-16,0.004096262160778297,0.002644336712207984,-0.0045065344749888325
2024-12-17,0.0050994390617031815,0.003956043956043986,0.00045269352648258376
2024-12-18,0.0,0.0017513134851139256,0.005429864253393646
2024-12-19,-0.013698630136986245,-0.011363636363636465,-0.006750675067506706
2024-12-20,-0.0092592592592593,-0.010610079575596676,-0.0036248300860898253
2024-12-23,0.02414330218068539,0.02144772117962468,0.010459299681673473
2024-12-24,0.0027883396704690977,0.0021872265966753623,0.004050405040504135
2024-12-25,0.0030333670374114163,0.0030554343081623525,0.0026893769610041307
2024-12-26,-0.0007560483870967527,0.0008703220191470518,0.0
2024-12-27,0.003278688524590123,0.002608695652173809,0.0013410818059900187
2024-12-30,-0.005530417295123158,-0.0030355594102341454,-0.004464285714285587
2024-12-31,-0.01036400404448945,-0.007394519356241913,-0.0053811659192825045
2025-01-02,-0.008684546615581046,-0.011393514460999121,-0.004959422903516697
2025-01-03,0.010048956454521862,0.006205673758865382,0.00271862256456723
2025-01-06,0.03137755102040818,0.03083700440528636,0.013104383190239544
2025-01-07,0.011130348750927554,0.010683760683760646,0.00267618198037467
2025-01-08,-0.014921722113502955,-0.012262156448202943,-0.0013345195729538295
2025-01-09,-0.011422895455674098,-0.011130136986301387,-0.011135857461024523
2025-01-10,-0.00025119316754584897,-0.003030303030302939,-0.006306306306306353
2025-01-13,-0.02311557788944718,-0.020408163265306145,-0.012239347234814124
2025-01-14,0.006172839506172867,0.003989361702127603,0.006883891693437505
2025-01-15,-0.0076687116564416735,-0.004415011037527616,-0.005469462169553352
2025-01-16,0.020350334878928455,0.018181818181818077,0.007791017415215373
2025-01-17,-0.00883615248674574,0.00435540069686402,0.0
2025-01-20,0.010188487009679115,0.010841283607979202,0.007276034561164213
2025-01-21,0.0020171457387794245,0.0012870012870014325,0.004063205417607296
2025-01-22,0.013085052843482714,0.014567266495287168,0.0017985611510793476
2025-02-03,-0.04272230501738705,-0.04434121621621623,-0.005834829443447154
2025-02-04,0.0059678256357031945,0.0035351303579318483,-0.0036117381489840783
2025-02-05,0.015217952024761505,0.016732716864817254,0.008608971454463044
2025-02-06,0.004319105691056979,0.0038977912516240387,0.0017969451931716396
2025-02-07,0.004553503668100145,0.00560828300258831,0.003139013452914785
2025-02-10,-0.011332158146562632,-0.009438009438009431,-0.0008940545373267161
2025-02-11,0.006113092205807469,0.004330879168471302,0.0026845637583892135
2025-02-12,-0.0015189873417722488,-0.0004312203536006587,0.002231146809460016
2025-02-13,-0.004310344827586188,-0.00474547023295957,0.010685663401602818
2025-02-14,-0.011968423733129563,-0.011703511053315907,-0.002643171806167355
2025-02-17,0.015206185567010255,0.01403508771929829,0.008392226148409732
2025-02-18,0.003554201574003546,0.004757785467128128,0.004380201489268654
2025-02-19,-0.0017708069820389083,-0.0055962117950926205,0.0013083296990841209
2025-02-20,-0.0038013177901672357,0.0,-0.022212543554007036
2025-02-21,0.007122869498855211,0.005627705627705648,0.008463251670378646
2025-02-24,-0.00884061631725186,-0.00817907877744295,-0.0035335689045937757
2025-02-25,-0.012996941896024405,-0.01302083333333337,-0.0017730496453900457
2025-02-26,0.005422153369480931,0.0021987686895339476,0.005772646536412074
2025-02-27,-0.011299435028248483,-0.007020623080298383,-0.01103752759381893
2025-03-03,-0.02311688311688309,-0.023862129916040642,-0.006249999999999867
2025-03-04,-0.006647168306301521,-0.006790402897238534,-0.004492362982929099
2025-03-05,0.013115631691648755,0.012762078395624377,0.007671480144404219
2025-03-06,-0.0060766182298547244,-0.007200720072007227,0.0
2025-03-07,-0.009303561935140925,-0.00906618313689933,-0.00582176444245408
2025-03-10,-0.005902870941776217,-0.005032021957913968,-0.003153153153153121
2025-03-11,-0.01754385964912286,-0.019770114942528783,-0.010393131495707197
2025-03-12,0.00439560439560438,0.004221388367729784,0.0
2025-03-13,-0.009299781181619338,-0.006539000467071454,-0.005936073059360725
2025-03-14,-0.00331308669243513,-0.004231311706628937,-0.0013780431786862835
2025-03-17,0.008587257617728605,0.009915014164305846,0.0032198712051518807
2025-03-18,0.004119747322164136,0.003740065451145247,0.008711600183402224
2025-03-19,-0.012308533916849052,-0.012109920819748488,-0.00545454545454549
2025-03-20,0.021600664635834876,0.021216407355021172,0.007312614259597838
2025-03-21,-0.00813228517213338,-0.006925207756232732,-0.001814882032667886
2025-03-24,-0.0010931948619841148,-0.003719200371919973,-0.0031818181818181746
2025-03-25,0.010396716826265529,0.013999066728884735,-0.001367989056087593
2025-03-26,-0.0008123476848090894,-0.0023009664058905033,0.0036529680365298134
2025-03-27,-0.01897018970189701,-0.019833948339483487,-0.007279344858962755
2025-03-28,-0.009944751381215533,-0.010352941176470565,-0.00595783684692941
2025-03-31,-0.03599330357142849,-0.03471231573941991,-0.02720147533425543
2025-04-01,0.020549927641099863,0.022167487684729092,0.013270142180094702
2025-04-02,-0.00170164492342606,-0.00048192771084332175,-0.005144995322731494
2025-04-07,-0.09999999999999998,-0.09980713596914181,-0.09967089797837336
2025-04-08,-0.0325126262626263,-0.036957686127477074,-0.021409921671018295
2025-04-09,-0.04600326264274068,-0.04449388209121241,-0.050160085378868624
2025-04-10,0.0998632010943914,0.09953434225844005,0.09999999999999987
2025-04-11,0.02332089552238803,0.024880889359449432,0.005107252298263587
2025-04-14,-0.005165603160133814,-0.008780991735537147,0.009654471544715548
2025-04-15,0.010079413561392858,0.010943199583116181,0.015098137896326191
2025-04-16,-0.018143332325370465,-0.019587628865979423,-0.008924144769459796
2025-04-17,-0.01108715737603927,-0.006834910620399537,-0.009504752376187975
2025-04-18,0.0021800062285892707,0.001058761249338236,0.0005050505050503418
2025-04-21,-0.01429459291485402,-0.014278159703860371,-0.006057546693588933
2025-04-22,-0.016708701134930726,-0.016630901287553623,-0.012696800406297615
2025-04-23,0.04424495030458475,0.04364429896344779,0.021604938271604812
2025-04-24,-0.005833589192508426,-0.005750130684788357,-0.007049345417925457
2025-04-25,0.023780111179740437,0.025236593059936974,0.018762677484787105
2025-04-28,0.008446455505279005,0.006153846153846176,0.004977600796416182
2025-04-29,0.0038887227041579653,0.006116207951070374,0.004952947003467045
2025-04-30,0.004767580452920139,0.0020263424518744966,0.0009857072449481752
2025-05-02,0.02906287069988145,0.03134479271991908,0.010832102412604794
2025-05-05,-0.008933717579250766,-0.012745098039215641,-0.006819288845591798
2025-05-06,-0.0055248618784530246,-0.005461767626613656,0.0024521824423737737
2025-05-07,-0.0038011695906433607,-0.0009985022466301174,0.0004892367906066397
2025-05-08,0.013208100968594039,0.01449275362318847,0.0034229828850855792
2025-05-09,0.012456546929316303,0.009359605911330116,0.006822612085769952
2025-05-12,0.011158798283261717,0.010736944851146735,0.010164569215876051
2025-05-13,0.012167515563101361,0.014968614196040564,0.006708193579300525
2025-05-14,0.022644674308079482,0.021883920076118057,0.011899095668729265
2025-05-15,-0.002186987424822373,-0.0009310986964619072,-0.0014111006585136865
2025-05-16,0.00273972602739736,0.0009319664492080104,0.0014130946773434072
2025-05-19,-0.013934426229508245,-0.013500931098696434,-0.030573847601129023
2025-05-20,0.001939595455805021,0.0018876828692779846,-0.0014556040756914523
2025-05-21,0.015486725663716783,0.013188883655204764,0.010204081632653184
2025-05-22,-0.01089324618736387,-0.01115760111576014,-0.005291005291005235
2025-05-23,-0.00412995594713661,-0.002350728725905027,-0.003868471953578201
2025-05-26,-0.0011058888581696458,-0.0023562676720075837,-0.0024271844660194164
2025-05-27,-0.00885690561859942,-0.010392064241851573,-0.006326034063260266
2025-05-28,0.0016755096341802833,0.006205250596658773,0.0004897159647403448
2025-05-29,0.002230275996654596,0.0004743833017077925,0.0
2025-06-02,-0.021418636995827467,-0.020862968231389334,-0.018600097895252077
2025-06-03,0.007106310403638405,0.006295399515738653,0.009476309226932544
2025-06-04,0.0234264747389219,0.02550529355149167,0.012351778656126466
2025-06-05,0.0019305019305018156,0.0037541060534960202,-0.002928257686676372
2025-06-06,0.0016515276630881814,0.0014025245441795509,0.0024473813020069457
2025-06-09,0.00961802693047531,0.00933706816059754,0.00244140625
2025-06-10,0.026946107784431295,0.023589269195189777,0.008280565026789866
2025-06-11,0.0,0.009489380930863156,0.005314009661835817
2025-06-12,0.0,-0.0026857654431512445,0.0014416146083613413
2025-06-13,0.0,-0.013464991023339312,0.0
2025-06-16,0.0,0.0031847133757960666,0.0009596928982724684
2025-06-17,0.0,0.004081632653061273,0.0004793863854266611
2025-06-18,-0.747839915186854,0.0072267389340558985,0.002395783421178743
2025-06-19,-0.00988017658187934,-0.009417040358744355,-0.005258126195028856
2025-06-20,-0.0014861995753715496,-0.00045269352648258376,-0.005285920230658325
2025-06-23,-0.008292579204762895,-0.009057971014492794,-0.005314009661835706
2025-06-24,0.018224699828473412,0.01873857404021928,0.014570179698883079
2025-06-25,0.014529374605180001,0.013458950201884257,0.003350885591191899
2025-06-26,0.001245330012453305,-0.0004426737494466204,-0.001908396946564861
2025-06-27,0.0010364842454393397,0.003100088573959159,0.001434034416825991
2025-06-30,0.00144957548146607,-0.0017660044150110688,-0.0023866348448687846
2025-07-01,0.005789909015715411,0.00884564352056616,0.002870813397129357
2025-07-02,0.00020559210526305272,0.0017536168347216385,0.003816793893129722
2025-07-03,0.01377183967112039,0.009628008752735173,0.004277566539923949
2025-07-04,-0.009326845093268421,-0.007368877329865575,-0.00615238996687173
2025-07-07,-0.005935325419566095,-0.004366812227074246,-0.0014285714285714457
2025-07-08,-0.004529544986617284,-0.0061403508771930015,-0.004768717215068996
2025-07-09,0.010341261633919352,0.010150044130626812,0.0033540967896501517
2025-07-10,0.011463664278403174,0.011358671909130535,0.003342884431709603
2025-07-11,0.004250151791135526,0.004319654427645814,0.0038077106139933203
2025-07-14,-0.005844417573559024,-0.007741935483871032,-0.002844950213371167
2025-07-15,0.013581998783701588,0.014304291287386306,0.005230622919638606
2025-07-16,0.008000000000000007,0.0017094017094017033,0.002838221381267658
2025-07-17,0.005952380952380931,0.002986348122866911,0.0009433962264151496
2025-07-18,0.014792899408283988,0.01446193109315197,0.0009425070688029447
2025-07-21,-0.010689990281827044,-0.004192872117400381,-0.0009416195856873921
2025-07-22,-0.006876227897838927,-0.006736842105263152,-0.00895381715362853
2025-07-23,0.0029673590504453173,0.005934718100890191,0.007608178792201548
2025-07-24,0.00591715976331364,0.004214075010535279,0.0018876828692779846
2025-07-25,-0.0019607843137254832,-0.0020981955518254436,-0.0009420631182288641
2025-07-28,0.0029469548133596035,0.003364171572750152,0.001885902876001877
2025-07-29,-0.011753183153770719,-0.012573344509639539,-0.007058823529411673
2025-07-30,0.01090188305252715,0.011035653650254718,0.0004739336492889379
2025-07-31,0.010784313725490158,0.012594458438287104,-0.0028422548555187
2025-08-01,-0.008729388942773975,-0.01036484245439473,0.0
2025-08-04,-0.005870841487279899,-0.0058651026392960715,0.00142517814726828
2025-08-05,0.01279527559055138,0.013485040033712536,0.008064516129032251
