date,stock_id,close
2020-01-02,0050,97.65
2020-01-03,0050,97.65
2020-01-06,0050,96.4
2020-01-07,0050,96.1
2020-01-08,0050,95.65
2020-01-09,0050,96.95
2020-01-10,0050,97.3
2020-01-13,0050,98.0
2020-01-14,0050,98.6
2020-01-15,0050,97.6
2020-01-16,0050,97.3
2020-01-17,0050,97.3
2020-01-20,0050,97.7
2020-01-30,0050,92.15
2020-01-31,0050,89.95
2020-02-03,0050,89.05
2020-02-04,0050,90.6
2020-02-05,0050,90.85
2020-02-06,0050,92.3
2020-02-07,0050,91.2
2020-02-10,0050,91.0
2020-02-11,0050,91.75
2020-02-12,0050,92.65
2020-02-13,0050,92.8
2020-02-14,0050,92.95
2020-02-17,0050,92.3
2020-02-18,0050,91.05
2020-02-19,0050,92.1
2020-02-20,0050,91.7
2020-02-21,0050,91.25
2020-02-24,0050,90.1
2020-02-25,0050,90.35
2020-02-26,0050,89.45
2020-02-27,0050,88.65
2020-03-02,0050,87.35
2020-03-03,0050,88.6
2020-03-04,0050,89.2
2020-03-05,0050,90.2
2020-03-06,0050,88.35
2020-03-09,0050,85.85
2020-03-10,0050,86.3
2020-03-11,0050,85.3
2020-03-12,0050,82.15
2020-03-13,0050,81.0
2020-03-16,0050,77.3
2020-03-17,0050,74.85
2020-03-18,0050,72.8
2020-03-19,0050,68.55
2020-03-20,0050,74.0
2020-03-23,0050,70.8
2020-03-24,0050,74.25
2020-03-25,0050,76.85
2020-03-26,0050,77.2
2020-03-27,0050,76.6
2020-03-30,0050,75.85
2020-03-31,0050,76.15
2020-04-01,0050,75.9
2020-04-06,0050,77.05
2020-04-07,0050,78.5
2020-04-08,0050,79.6
2020-04-09,0050,79.25
2020-04-10,0050,79.3
2020-04-13,0050,78.8
2020-04-14,0050,80.95
2020-04-15,0050,81.2
2020-04-16,0050,80.8
2020-04-17,0050,83.25
2020-04-20,0050,83.0
2020-04-21,0050,80.6
2020-04-22,0050,80.6
2020-04-23,0050,80.9
2020-04-24,0050,80.9
2020-04-27,0050,82.55
2020-04-28,0050,82.55
2020-04-29,0050,83.7
2020-04-30,0050,85.5
2020-05-04,0050,83.0
2020-05-05,0050,83.4
2020-05-06,0050,83.5
2020-05-07,0050,83.85
2020-05-08,0050,84.35
2020-05-11,0050,85.05
2020-05-12,0050,84.05
2020-05-13,0050,84.3
2020-05-14,0050,83.3
2020-05-15,0050,83.85
2020-05-18,0050,83.15
2020-05-19,0050,83.9
2020-05-20,0050,83.8
2020-05-21,0050,84.5
2020-05-22,0050,82.95
2020-05-25,0050,83.5
2020-05-26,0050,84.45
2020-05-27,0050,84.35
2020-05-28,0050,83.85
2020-05-29,0050,84.45
2020-06-01,0050,84.9
2020-06-02,0050,85.3
2020-06-03,0050,86.8
2020-06-04,0050,87.6
2020-06-05,0050,88.35
2020-06-08,0050,89.5
2020-06-09,0050,89.6
2020-06-10,0050,90.45
2020-06-11,0050,89.05
2020-06-12,0050,88.25
2020-06-15,0050,87.0
2020-06-16,0050,88.9
2020-06-17,0050,89.0
2020-06-18,0050,88.9
2020-06-19,0050,88.85
2020-06-22,0050,89.05
2020-06-23,0050,89.45
2020-06-24,0050,90.0
2020-06-29,0050,89.1
2020-06-30,0050,89.9
2020-07-01,0050,90.5
2020-07-02,0050,91.5
2020-07-03,0050,92.55
2020-07-06,0050,94.15
2020-07-07,0050,94.5
2020-07-08,0050,95.15
2020-07-09,0050,95.45
2020-07-10,0050,94.65
2020-07-13,0050,96.05
2020-07-14,0050,96.65
2020-07-15,0050,97.05
2020-07-16,0050,96.1
2020-07-17,0050,97.2
2020-07-20,0050,97.05
2020-07-21,0050,98.7
2020-07-22,0050,98.95
2020-07-23,0050,98.85
2020-07-24,0050,98.5
2020-07-27,0050,103.3
2020-07-28,0050,103.6
2020-07-29,0050,102.55
2020-07-30,0050,104.05
2020-07-31,0050,103.8
2020-08-03,0050,102.0
2020-08-04,0050,103.3
2020-08-05,0050,104.3
2020-08-06,0050,105.4
2020-08-07,0050,104.65
2020-08-10,0050,105.6
2020-08-11,0050,104.8
2020-08-12,0050,103.25
2020-08-13,0050,104.25
2020-08-14,0050,104.5
2020-08-17,0050,105.6
2020-08-18,0050,105.0
2020-08-19,0050,104.25
2020-08-20,0050,100.6
2020-08-21,0050,102.8
2020-08-24,0050,103.1
2020-08-25,0050,103.9
2020-08-26,0050,104.3
2020-08-27,0050,104.55
2020-08-28,0050,103.5
2020-08-31,0050,101.8
2020-09-01,0050,103.35
2020-09-02,0050,103.0
2020-09-03,0050,103.3
2020-09-04,0050,102.55
2020-09-07,0050,102.4
2020-09-08,0050,103.0
2020-09-09,0050,102.3
2020-09-10,0050,103.2
2020-09-11,0050,103.25
2020-09-14,0050,104.55
2020-09-15,0050,104.95
2020-09-16,0050,106.55
2020-09-17,0050,105.4
2020-09-18,0050,105.3
2020-09-21,0050,104.45
2020-09-22,0050,103.1
2020-09-23,0050,102.95
2020-09-24,0050,100.45
2020-09-25,0050,100.65
2020-09-28,0050,102.3
2020-09-29,0050,102.55
2020-09-30,0050,103.0
2020-10-05,0050,103.05
2020-10-06,0050,104.25
2020-10-07,0050,104.8
2020-10-08,0050,106.2
2020-10-12,0050,107.05
2020-10-13,0050,107.1
2020-10-14,0050,106.7
2020-10-15,0050,105.7
2020-10-16,0050,105.25
2020-10-19,0050,106.6
2020-10-20,0050,106.0
2020-10-21,0050,105.95
2020-10-22,0050,106.1
2020-10-23,0050,106.1
2020-10-26,0050,106.1
2020-10-27,0050,105.5
2020-10-28,0050,105.0
2020-10-29,0050,103.85
2020-10-30,0050,103.0
2020-11-02,0050,103.4
2020-11-03,0050,104.6
2020-11-04,0050,106.15
2020-11-05,0050,106.05
2020-11-06,0050,106.7
2020-11-09,0050,108.1
2020-11-10,0050,107.1
2020-11-11,0050,108.75
2020-11-12,0050,108.8
2020-11-13,0050,109.25
2020-11-16,0050,112.8
2020-11-17,0050,113.6
2020-11-18,0050,114.35
2020-11-19,0050,114.15
2020-11-20,0050,114.0
2020-11-23,0050,115.45
2020-11-24,0050,114.9
2020-11-25,0050,113.95
2020-11-26,0050,114.85
2020-11-27,0050,114.65
2020-11-30,0050,113.3
2020-12-01,0050,114.3
2020-12-02,0050,115.4
2020-12-03,0050,115.4
2020-12-04,0050,117.3
2020-12-07,0050,118.4
2020-12-08,0050,120.05
2020-12-09,0050,120.05
2020-12-10,0050,118.6
2020-12-11,0050,118.75
2020-12-14,0050,118.25
2020-12-15,0050,117.05
2020-12-16,0050,119.25
2020-12-17,0050,118.6
2020-12-18,0050,118.2
2020-12-21,0050,119.35
2020-12-22,0050,118.0
2020-12-23,0050,118.15
2020-12-24,0050,118.8
2020-12-25,0050,118.95
2020-12-28,0050,120.0
2020-12-29,0050,119.9
2020-12-30,0050,121.6
2020-12-31,0050,122.25
2021-01-04,0050,124.35
2021-01-05,0050,124.6
2021-01-06,0050,125.95
2021-01-07,0050,128.9
2021-01-08,0050,131.2
2021-01-11,0050,132.3
2021-01-12,0050,132.1
2021-01-13,0050,135.3
2021-01-14,0050,134.05
2021-01-15,0050,134.5
2021-01-18,0050,134.4
2021-01-19,0050,137.95
2021-01-20,0050,138.2
2021-01-21,0050,143.0
2021-01-22,0050,137.45
2021-01-25,0050,135.6
2021-01-26,0050,132.85
2021-01-27,0050,133.05
2021-01-28,0050,130.35
2021-01-29,0050,128.2
2021-02-01,0050,130.75
2021-02-02,0050,134.45
2021-02-03,0050,134.35
2021-02-04,0050,133.55
2021-02-05,0050,134.8
2021-02-17,0050,140.55
2021-02-18,0050,140.35
2021-02-19,0050,138.85
2021-02-22,0050,138.8
2021-02-23,0050,138.5
2021-02-24,0050,136.45
2021-02-25,0050,137.55
2021-02-26,0050,133.4
2021-03-02,0050,133.45
2021-03-03,0050,135.4
2021-03-04,0050,132.75
2021-03-05,0050,131.95
2021-03-08,0050,131.85
2021-03-09,0050,131.35
2021-03-10,0050,131.9
2021-03-11,0050,134.7
2021-03-12,0050,135.25
2021-03-15,0050,134.9
2021-03-16,0050,135.35
2021-03-17,0050,134.2
2021-03-18,0050,134.9
2021-03-19,0050,132.8
2021-03-22,0050,133.4
2021-03-23,0050,133.6
2021-03-24,0050,131.5
2021-03-25,0050,131.95
2021-03-26,0050,134.35
2021-03-29,0050,135.45
2021-03-30,0050,135.9
2021-03-31,0050,134.75
2021-04-01,0050,135.75
2021-04-06,0050,137.65
2021-04-07,0050,137.8
2021-04-08,0050,138.25
2021-04-09,0050,137.95
2021-04-12,0050,137.15
2021-04-13,0050,137.15
2021-04-14,0050,137.9
2021-04-15,0050,139.05
2021-04-16,0050,139.25
2021-04-19,0050,139.5
2021-04-20,0050,139.25
2021-04-21,0050,138.0
2021-04-22,0050,137.9
2021-04-23,0050,139.15
2021-04-26,0050,141.2
2021-04-27,0050,141.25
2021-04-28,0050,140.4
2021-04-29,0050,140.6
2021-05-03,0050,138.25
2021-05-04,0050,137.05
2021-05-05,0050,135.75
2021-05-06,0050,136.95
2021-05-07,0050,139.4
2021-05-10,0050,138.45
2021-05-11,0050,133.25
2021-05-12,0050,129.4
2021-05-13,0050,127.5
2021-05-14,0050,128.95
2021-05-17,0050,126.5
2021-05-18,0050,132.3
2021-05-19,0050,131.4
2021-05-20,0050,130.5
2021-05-21,0050,132.35
2021-05-24,0050,132.15
2021-05-25,0050,134.4
2021-05-26,0050,134.5
2021-05-27,0050,133.55
2021-05-28,0050,135.8
2021-05-31,0050,137.1
2021-06-01,0050,137.7
2021-06-02,0050,137.7
2021-06-03,0050,137.6
2021-06-04,0050,136.95
2021-06-07,0050,137.3
2021-06-08,0050,136.5
2021-06-09,0050,135.5
2021-06-10,0050,137.6
2021-06-11,0050,138.1
2021-06-15,0050,138.85
2021-06-16,0050,138.7
2021-06-17,0050,138.3
2021-06-18,0050,138.0
2021-06-21,0050,134.7
2021-06-22,0050,134.85
2021-06-23,0050,137.05
2021-06-24,0050,136.7
2021-06-25,0050,136.95
2021-06-28,0050,137.2
2021-06-29,0050,137.6
2021-06-30,0050,138.95
2021-07-01,0050,138.3
2021-07-02,0050,138.3
2021-07-05,0050,139.6
2021-07-06,0050,139.75
2021-07-07,0050,139.0
2021-07-08,0050,138.85
2021-07-09,0050,137.75
2021-07-12,0050,139.0
2021-07-13,0050,140.15
2021-07-14,0050,140.5
2021-07-15,0050,141.8
2021-07-16,0050,139.9
2021-07-19,0050,138.3
2021-07-20,0050,137.2
2021-07-21,0050,136.7
2021-07-22,0050,137.65
2021-07-23,0050,137.65
2021-07-26,0050,136.45
2021-07-27,0050,136.4
2021-07-28,0050,134.25
2021-07-29,0050,136.5
2021-07-30,0050,136.05
2021-08-02,0050,137.9
2021-08-03,0050,138.45
2021-08-04,0050,139.25
2021-08-05,0050,139.0
2021-08-06,0050,138.8
2021-08-09,0050,138.4
2021-08-10,0050,137.65
2021-08-11,0050,137.2
2021-08-12,0050,136.95
2021-08-13,0050,135.65
2021-08-16,0050,135.35
2021-08-17,0050,134.35
2021-08-18,0050,134.9
2021-08-19,0050,131.8
2021-08-20,0050,130.75
2021-08-23,0050,134.35
2021-08-24,0050,134.75
2021-08-25,0050,136.05
2021-08-26,0050,137.0
2021-08-27,0050,138.15
2021-08-30,0050,139.5
2021-08-31,0050,140.35
2021-09-01,0050,141.0
2021-09-02,0050,139.9
2021-09-03,0050,141.9
2021-09-06,0050,142.55
2021-09-07,0050,141.9
2021-09-08,0050,140.65
2021-09-09,0050,140.3
2021-09-10,0050,141.95
2021-09-13,0050,141.45
2021-09-14,0050,141.6
2021-09-15,0050,140.75
2021-09-16,0050,140.1
2021-09-17,0050,140.5
2021-09-22,0050,137.2
2021-09-23,0050,138.0
2021-09-24,0050,139.65
2021-09-27,0050,140.0
2021-09-28,0050,139.0
2021-09-29,0050,136.0
2021-09-30,0050,137.05
2021-10-01,0050,133.95
2021-10-04,0050,133.15
2021-10-05,0050,132.95
2021-10-06,0050,133.0
2021-10-07,0050,135.35
2021-10-08,0050,134.2
2021-10-12,0050,132.85
2021-10-13,0050,132.4
2021-10-14,0050,132.75
2021-10-15,0050,136.25
2021-10-18,0050,135.85
2021-10-19,0050,136.95
2021-10-20,0050,136.6
2021-10-21,0050,136.1
2021-10-22,0050,136.5
2021-10-25,0050,136.4
2021-10-26,0050,137.55
2021-10-27,0050,137.55
2021-10-28,0050,137.15
2021-10-29,0050,135.8
2021-11-01,0050,136.5
2021-11-02,0050,136.25
2021-11-03,0050,136.6
2021-11-04,0050,136.15
2021-11-05,0050,138.1
2021-11-08,0050,139.2
2021-11-09,0050,140.7
2021-11-10,0050,140.5
2021-11-11,0050,139.25
2021-11-12,0050,139.7
2021-11-15,0050,140.95
2021-11-16,0050,141.2
2021-11-17,0050,141.65
2021-11-18,0050,142.45
2021-11-19,0050,142.8
2021-11-22,0050,142.45
2021-11-23,0050,141.1
2021-11-24,0050,140.5
2021-11-25,0050,140.45
2021-11-26,0050,138.15
2021-11-29,0050,138.15
2021-11-30,0050,138.0
2021-12-01,0050,140.3
2021-12-02,0050,141.8
2021-12-03,0050,141.75
2021-12-06,0050,141.35
2021-12-07,0050,141.8
2021-12-08,0050,142.35
2021-12-09,0050,142.0
2021-12-10,0050,141.95
2021-12-13,0050,141.5
2021-12-14,0050,140.1
2021-12-15,0050,140.3
2021-12-16,0050,142.05
2021-12-17,0050,141.9
2021-12-20,0050,140.65
2021-12-21,0050,141.85
2021-12-22,0050,141.85
2021-12-23,0050,142.65
2021-12-24,0050,143.05
2021-12-27,0050,144.15
2021-12-28,0050,145.3
2021-12-29,0050,145.95
2021-12-30,0050,145.5
2022-01-03,0050,146.4
2022-01-04,0050,149.6
2022-01-05,0050,149.3
2022-01-06,0050,147.9
2022-01-07,0050,146.6
2022-01-10,0050,147.55
2022-01-11,0050,148.3
2022-01-12,0050,149.55
2022-01-13,0050,150.3
2022-01-14,0050,150.3
2022-01-17,0050,152.0
2022-01-18,0050,150.3
2022-01-19,0050,148.5
2022-01-20,0050,149.1
2022-01-21,0050,142.65
2022-01-24,0050,144.0
2022-01-25,0050,141.65
2022-01-26,0050,141.55
2022-02-07,0050,142.3
2022-02-08,0050,142.9
2022-02-09,0050,143.4
2022-02-10,0050,145.05
2022-02-11,0050,144.95
2022-02-14,0050,142.7
2022-02-15,0050,142.05
2022-02-16,0050,144.4
2022-02-17,0050,144.5
2022-02-18,0050,144.1
2022-02-21,0050,143.8
2022-02-22,0050,141.85
2022-02-23,0050,142.25
2022-02-24,0050,138.8
2022-02-25,0050,138.5
2022-03-01,0050,140.45
2022-03-02,0050,139.65
2022-03-03,0050,139.95
2022-03-04,0050,138.45
2022-03-07,0050,134.0
2022-03-08,0050,131.15
2022-03-09,0050,132.5
2022-03-10,0050,136.35
2022-03-11,0050,134.4
2022-03-14,0050,134.4
2022-03-15,0050,131.65
2022-03-16,0050,132.2
2022-03-17,0050,136.4
2022-03-18,0050,136.1
2022-03-21,0050,137.0
2022-03-22,0050,136.8
2022-03-23,0050,138.1
2022-03-24,0050,138.0
2022-03-25,0050,138.2
2022-03-28,0050,136.7
2022-03-29,0050,136.85
2022-03-30,0050,138.55
2022-03-31,0050,138.1
2022-04-01,0050,136.95
2022-04-06,0050,136.25
2022-04-07,0050,133.8
2022-04-08,0050,134.55
2022-04-11,0050,132.45
2022-04-12,0050,132.55
2022-04-13,0050,135.05
2022-04-14,0050,134.55
2022-04-15,0050,132.25
2022-04-18,0050,131.55
2022-04-19,0050,132.0
2022-04-20,0050,132.65
2022-04-21,0050,132.75
2022-04-22,0050,131.6
2022-04-25,0050,129.25
2022-04-26,0050,129.25
2022-04-27,0050,126.55
2022-04-28,0050,127.1
2022-04-29,0050,128.75
2022-05-03,0050,127.8
2022-05-04,0050,127.8
2022-05-05,0050,129.25
2022-05-06,0050,126.65
2022-05-09,0050,124.55
2022-05-10,0050,124.0
2022-05-11,0050,124.2
2022-05-12,0050,121.25
2022-05-13,0050,122.35
2022-05-16,0050,123.0
2022-05-17,0050,124.35
2022-05-18,0050,125.7
2022-05-19,0050,123.3
2022-05-20,0050,124.65
2022-05-23,0050,124.9
2022-05-24,0050,123.5
2022-05-25,0050,124.45
2022-05-26,0050,122.9
2022-05-27,0050,125.5
2022-05-30,0050,128.55
2022-05-31,0050,129.8
2022-06-01,0050,129.15
2022-06-02,0050,127.8
2022-06-06,0050,128.7
2022-06-07,0050,127.4
2022-06-08,0050,128.8
2022-06-09,0050,128.4
2022-06-10,0050,127.1
2022-06-13,0050,123.55
2022-06-14,0050,123.35
2022-06-15,0050,122.75
2022-06-16,0050,122.5
2022-06-17,0050,120.85
2022-06-20,0050,119.75
2022-06-21,0050,122.2
2022-06-22,0050,119.5
2022-06-23,0050,117.9
2022-06-24,0050,118.15
2022-06-27,0050,120.95
2022-06-28,0050,119.8
2022-06-29,0050,118.8
2022-06-30,0050,115.8
2022-07-01,0050,111.55
2022-07-04,0050,110.45
2022-07-05,0050,111.0
2022-07-06,0050,108.85
2022-07-07,0050,112.1
2022-07-08,0050,113.25
2022-07-11,0050,112.25
2022-07-12,0050,109.55
2022-07-13,0050,113.45
2022-07-14,0050,114.0
2022-07-15,0050,115.5
2022-07-18,0050,114.2
2022-07-19,0050,114.3
2022-07-20,0050,115.05
2022-07-21,0050,116.35
2022-07-22,0050,116.8
2022-07-25,0050,116.7
2022-07-26,0050,115.65
2022-07-27,0050,116.7
2022-07-28,0050,116.9
2022-07-29,0050,118.0
2022-08-01,0050,117.65
2022-08-02,0050,115.55
2022-08-03,0050,116.25
2022-08-04,0050,116.55
2022-08-05,0050,119.5
2022-08-08,0050,119.25
2022-08-09,0050,119.15
2022-08-10,0050,117.9
2022-08-11,0050,120.05
2022-08-12,0050,120.8
2022-08-15,0050,121.9
2022-08-16,0050,122.1
2022-08-17,0050,122.15
2022-08-18,0050,121.35
2022-08-19,0050,121.55
2022-08-22,0050,119.8
2022-08-23,0050,118.2
2022-08-24,0050,117.9
2022-08-25,0050,119.0
2022-08-26,0050,119.6
2022-08-29,0050,116.55
2022-08-30,0050,116.75
2022-08-31,0050,117.6
2022-09-01,0050,115.15
2022-09-02,0050,113.9
2022-09-05,0050,114.15
2022-09-06,0050,114.9
2022-09-07,0050,112.2
2022-09-08,0050,113.0
2022-09-12,0050,115.4
2022-09-13,0050,116.0
2022-09-14,0050,113.65
2022-09-15,0050,113.85
2022-09-16,0050,112.55
2022-09-19,0050,112.05
2022-09-20,0050,113.05
2022-09-21,0050,112.1
2022-09-22,0050,110.75
2022-09-23,0050,109.7
2022-09-26,0050,107.65
2022-09-27,0050,107.5
2022-09-28,0050,105.25
2022-09-29,0050,104.9
2022-09-30,0050,103.45
2022-10-03,0050,102.2
2022-10-04,0050,104.8
2022-10-05,0050,107.25
2022-10-06,0050,108.0
2022-10-07,0050,106.2
2022-10-11,0050,100.7
2022-10-12,0050,100.2
2022-10-13,0050,99.0
2022-10-14,0050,101.85
2022-10-17,0050,99.95
2022-10-18,0050,101.1
2022-10-19,0050,99.75
2022-10-20,0050,99.2
2022-10-21,0050,98.9
2022-10-24,0050,98.6
2022-10-25,0050,96.7
2022-10-26,0050,97.6
2022-10-27,0050,99.0
2022-10-28,0050,97.75
2022-10-31,0050,99.05
2022-11-01,0050,99.6
2022-11-02,0050,100.0
2022-11-03,0050,98.7
2022-11-04,0050,98.85
2022-11-07,0050,100.55
2022-11-08,0050,101.6
2022-11-09,0050,104.5
2022-11-10,0050,103.5
2022-11-11,0050,109.0
2022-11-14,0050,110.0
2022-11-15,0050,114.7
2022-11-16,0050,114.5
2022-11-17,0050,114.55
2022-11-18,0050,114.25
2022-11-21,0050,113.85
2022-11-22,0050,114.8
2022-11-23,0050,115.6
2022-11-24,0050,116.7
2022-11-25,0050,116.7
2022-11-28,0050,114.35
2022-11-29,0050,115.4
2022-11-30,0050,116.35
2022-12-01,0050,118.35
2022-12-02,0050,117.3
2022-12-05,0050,117.45
2022-12-06,0050,115.3
2022-12-07,0050,114.6
2022-12-08,0050,113.25
2022-12-09,0050,115.0
2022-12-12,0050,113.9
2022-12-13,0050,113.4
2022-12-14,0050,114.8
2022-12-15,0050,114.9
2022-12-16,0050,113.0
2022-12-19,0050,112.35
2022-12-20,0050,110.3
2022-12-21,0050,110.75
2022-12-22,0050,112.6
2022-12-23,0050,110.7
2022-12-26,0050,111.1
2022-12-27,0050,111.6
2022-12-28,0050,110.0
2022-12-29,0050,109.5
2022-12-30,0050,110.2
2023-01-03,0050,110.75
2023-01-04,0050,110.5
2023-01-05,0050,111.3
2023-01-06,0050,111.8
2023-01-09,0050,115.8
2023-01-10,0050,116.25
2023-01-11,0050,116.35
2023-01-12,0050,115.85
2023-01-13,0050,117.2
2023-01-16,0050,118.1
2023-01-17,0050,118.1
2023-01-30,0050,120.7
2023-01-31,0050,118.3
2023-02-01,0050,119.0
2023-02-02,0050,121.0
2023-02-03,0050,121.0
2023-02-06,0050,119.25
2023-02-07,0050,119.0
2023-02-08,0050,120.85
2023-02-09,0050,120.9
2023-02-10,0050,121.0
2023-02-13,0050,120.75
2023-02-14,0050,121.65
2023-02-15,0050,118.85
2023-02-16,0050,120.3
2023-02-17,0050,118.75
2023-02-20,0050,119.0
2023-02-21,0050,118.95
2023-02-22,0050,117.65
2023-02-23,0050,119.4
2023-02-24,0050,118.8
2023-03-01,0050,119.35
2023-03-02,0050,119.25
2023-03-03,0050,119.35
2023-03-06,0050,120.5
2023-03-07,0050,121.3
2023-03-08,0050,120.3
2023-03-09,0050,120.2
2023-03-10,0050,118.3
2023-03-13,0050,118.8
2023-03-14,0050,117.5
2023-03-15,0050,117.6
2023-03-16,0050,117.05
2023-03-17,0050,118.95
2023-03-20,0050,118.1
2023-03-21,0050,118.65
2023-03-22,0050,120.9
2023-03-23,0050,121.85
2023-03-24,0050,122.2
2023-03-27,0050,121.45
2023-03-28,0050,120.4
2023-03-29,0050,120.6
2023-03-30,0050,121.2
2023-03-31,0050,121.6
2023-04-06,0050,121.0
2023-04-07,0050,121.0
2023-04-10,0050,121.0
2023-04-11,0050,120.85
2023-04-12,0050,120.55
2023-04-13,0050,119.5
2023-04-14,0050,120.65
2023-04-17,0050,120.35
2023-04-18,0050,119.95
2023-04-19,0050,119.05
2023-04-20,0050,118.9
2023-04-21,0050,118.6
2023-04-24,0050,118.15
2023-04-25,0050,116.6
2023-04-26,0050,116.1
2023-04-27,0050,116.0
2023-04-28,0050,117.4
2023-05-02,0050,117.7
2023-05-03,0050,117.2
2023-05-04,0050,117.5
2023-05-05,0050,117.8
2023-05-08,0050,118.55
2023-05-09,0050,118.9
2023-05-10,0050,117.8
2023-05-11,0050,117.55
2023-05-12,0050,117.2
2023-05-15,0050,117.2
2023-05-16,0050,118.6
2023-05-17,0050,120.55
2023-05-18,0050,122.15
2023-05-19,0050,122.5
2023-05-22,0050,122.3
2023-05-23,0050,122.2
2023-05-24,0050,121.6
2023-05-25,0050,123.05
2023-05-26,0050,125.95
2023-05-29,0050,126.75
2023-05-30,0050,126.75
2023-05-31,0050,126.15
2023-06-01,0050,125.15
2023-06-02,0050,126.75
2023-06-05,0050,126.35
2023-06-06,0050,126.7
2023-06-07,0050,128.1
2023-06-08,0050,126.85
2023-06-09,0050,127.8
2023-06-12,0050,129.0
2023-06-13,0050,131.55
2023-06-14,0050,131.5
2023-06-15,0050,131.9
2023-06-16,0050,131.55
2023-06-19,0050,131.25
2023-06-20,0050,130.55
2023-06-21,0050,130.55
2023-06-26,0050,129.75
2023-06-27,0050,128.9
2023-06-28,0050,129.1
2023-06-29,0050,129.05
2023-06-30,0050,129.1
2023-07-03,0050,130.7
2023-07-04,0050,131.0
2023-07-05,0050,130.8
2023-07-06,0050,127.9
2023-07-07,0050,127.7
2023-07-10,0050,127.45
2023-07-11,0050,129.2
2023-07-12,0050,129.45
2023-07-13,0050,130.9
2023-07-14,0050,132.25
2023-07-17,0050,132.0
2023-07-18,0050,129.85
2023-07-19,0050,128.75
2023-07-20,0050,129.35
2023-07-21,0050,127.2
2023-07-24,0050,127.25
2023-07-25,0050,128.85
2023-07-26,0050,128.5
2023-07-27,0050,129.5
2023-07-28,0050,129.5
2023-07-31,0050,128.8
2023-08-01,0050,129.45
2023-08-02,0050,127.85
2023-08-04,0050,127.25
2023-08-07,0050,128.5
2023-08-08,0050,127.0
2023-08-09,0050,127.2
2023-08-10,0050,126.4
2023-08-11,0050,126.3
2023-08-14,0050,124.5
2023-08-15,0050,124.7
2023-08-16,0050,124.05
2023-08-17,0050,124.6
2023-08-18,0050,123.85
2023-08-21,0050,123.0
2023-08-22,0050,124.0
2023-08-23,0050,124.85
2023-08-24,0050,127.0
2023-08-25,0050,124.55
2023-08-28,0050,125.35
2023-08-29,0050,126.05
2023-08-30,0050,126.6
2023-08-31,0050,125.7
2023-09-01,0050,125.9
2023-09-04,0050,126.75
2023-09-05,0050,126.45
2023-09-06,0050,126.0
2023-09-07,0050,124.85
2023-09-08,0050,124.3
2023-09-11,0050,123.8
2023-09-12,0050,125.05
2023-09-13,0050,125.2
2023-09-14,0050,126.95
2023-09-15,0050,127.35
2023-09-18,0050,126.0
2023-09-19,0050,125.45
2023-09-20,0050,124.75
2023-09-21,0050,122.75
2023-09-22,0050,122.65
2023-09-25,0050,123.55
2023-09-26,0050,122.1
2023-09-27,0050,122.15
2023-09-28,0050,122.65
2023-10-02,0050,124.25
2023-10-03,0050,123.5
2023-10-04,0050,121.9
2023-10-05,0050,123.65
2023-10-06,0050,124.1
2023-10-11,0050,126.25
2023-10-12,0050,127.3
2023-10-13,0050,126.95
2023-10-16,0050,126.25
2023-10-17,0050,126.55
2023-10-18,0050,124.8
2023-10-19,0050,124.85
2023-10-20,0050,125.4
2023-10-23,0050,123.85
2023-10-24,0050,123.95
2023-10-25,0050,124.2
2023-10-26,0050,121.75
2023-10-27,0050,122.3
2023-10-30,0050,122.0
2023-10-31,0050,121.15
2023-11-01,0050,121.75
2023-11-02,0050,124.5
2023-11-03,0050,125.45
2023-11-06,0050,126.55
2023-11-07,0050,126.5
2023-11-08,0050,127.2
2023-11-09,0050,127.25
2023-11-10,0050,126.75
2023-11-13,0050,128.7
2023-11-14,0050,129.0
2023-11-15,0050,130.55
2023-11-16,0050,130.6
2023-11-17,0050,131.0
2023-11-20,0050,130.95
2023-11-21,0050,132.55
2023-11-22,0050,131.35
2023-11-23,0050,131.3
2023-11-24,0050,131.2
2023-11-27,0050,130.35
2023-11-28,0050,131.25
2023-11-29,0050,131.15
2023-11-30,0050,131.35
2023-12-01,0050,131.8
2023-12-04,0050,131.3
2023-12-05,0050,130.35
2023-12-06,0050,130.8
2023-12-07,0050,130.0
2023-12-08,0050,131.05
2023-12-11,0050,131.2
2023-12-12,0050,131.5
2023-12-13,0050,131.55
2023-12-14,0050,133.15
2023-12-15,0050,133.7
2023-12-18,0050,133.9
2023-12-19,0050,133.4
2023-12-20,0050,133.75
2023-12-21,0050,132.6
2023-12-22,0050,132.95
2023-12-25,0050,133.5
2023-12-26,0050,134.25
2023-12-27,0050,135.75
2023-12-28,0050,135.75
2023-12-29,0050,135.45
2024-01-02,0050,134.9
2024-01-03,0050,132.55
2024-01-04,0050,132.5
2024-01-05,0050,132.15
2024-01-08,0050,132.75
2024-01-09,0050,133.0
2024-01-10,0050,132.3
2024-01-11,0050,132.85
2024-01-12,0050,132.65
2024-01-15,0050,133.0
2024-01-16,0050,131.65
2024-01-17,0050,127.45
2024-01-18,0050,128.3
2024-01-19,0050,132.9
2024-01-22,0050,133.8
2024-01-23,0050,134.05
2024-01-24,0050,134.0
2024-01-25,0050,135.65
2024-01-26,0050,135.65
2024-01-29,0050,136.5
2024-01-30,0050,136.15
2024-01-31,0050,134.35
2024-02-01,0050,134.35
2024-02-02,0050,135.1
2024-02-05,0050,135.95
2024-02-15,0050,142.35
2024-02-16,0050,141.3
2024-02-19,0050,141.1
2024-02-20,0050,141.65
2024-02-21,0050,141.2
2024-02-22,0050,142.8
2024-02-23,0050,143.75
2024-02-26,0050,143.95
2024-02-27,0050,143.35
2024-02-29,0050,143.3
2024-03-01,0050,142.8
2024-03-04,0050,146.95
2024-03-05,0050,148.15
2024-03-06,0050,148.85
2024-03-07,0050,152.3
2024-03-08,0050,154.45
2024-03-11,0050,152.9
2024-03-12,0050,154.5
2024-03-13,0050,155.25
2024-03-14,0050,155.1
2024-03-15,0050,153.0
2024-03-18,0050,154.4
2024-03-19,0050,154.05
2024-03-20,0050,153.2
2024-03-21,0050,157.4
2024-03-22,0050,157.2
2024-03-25,0050,157.5
2024-03-26,0050,157.6
2024-03-27,0050,157.65
2024-03-28,0050,156.9
2024-03-29,0050,157.9
2024-04-01,0050,157.4
2024-04-02,0050,159.65
2024-04-03,0050,158.55
2024-04-08,0050,159.45
2024-04-09,0050,163.25
2024-04-10,0050,163.0
2024-04-11,0050,162.5
2024-04-12,0050,162.1
2024-04-15,0050,160.0
2024-04-16,0050,155.65
2024-04-17,0050,157.4
2024-04-18,0050,158.95
2024-04-19,0050,150.9
2024-04-22,0050,150.45
2024-04-23,0050,151.9
2024-04-24,0050,156.35
2024-04-25,0050,153.5
2024-04-26,0050,156.0
2024-04-29,0050,158.8
2024-04-30,0050,158.25
2024-05-02,0050,156.15
2024-05-03,0050,156.95
2024-05-06,0050,159.2
2024-05-07,0050,160.1
2024-05-08,0050,160.7
2024-05-09,0050,160.5
2024-05-10,0050,161.65
2024-05-13,0050,163.3
2024-05-14,0050,164.4
2024-05-15,0050,166.65
2024-05-16,0050,167.45
2024-05-17,0050,167.25
2024-05-20,0050,167.2
2024-05-21,0050,167.0
2024-05-22,0050,170.0
2024-05-23,0050,171.3
2024-05-24,0050,170.6
2024-05-27,0050,172.95
2024-05-28,0050,173.2
2024-05-29,0050,170.85
2024-05-30,0050,167.9
2024-05-31,0050,166.0
2024-06-03,0050,169.55
2024-06-04,0050,166.85
2024-06-05,0050,168.45
2024-06-06,0050,174.2
2024-06-07,0050,172.85
2024-06-11,0050,173.3
2024-06-12,0050,176.4
2024-06-13,0050,178.95
2024-06-14,0050,180.0
2024-06-17,0050,180.0
2024-06-18,0050,183.0
2024-06-19,0050,187.95
2024-06-20,0050,189.75
2024-06-21,0050,188.6
2024-06-24,0050,184.0
2024-06-25,0050,183.9
2024-06-26,0050,185.35
2024-06-27,0050,185.3
2024-06-28,0050,186.45
2024-07-01,0050,186.6
2024-07-02,0050,185.35
2024-07-03,0050,187.6
2024-07-04,0050,192.5
2024-07-05,0050,191.8
2024-07-08,0050,197.85
2024-07-09,0050,197.65
2024-07-10,0050,198.35
2024-07-11,0050,202.75
2024-07-12,0050,196.35
2024-07-15,0050,196.7
2024-07-16,0050,196.85
2024-07-17,0050,194.1
2024-07-18,0050,190.6
2024-07-19,0050,186.25
2024-07-22,0050,180.7
2024-07-23,0050,186.3
2024-07-26,0050,179.0
2024-07-29,0050,180.6
2024-07-30,0050,180.6
2024-07-31,0050,180.85
2024-08-01,0050,184.0
2024-08-02,0050,174.7
2024-08-05,0050,158.75
2024-08-06,0050,167.5
2024-08-07,0050,174.15
2024-08-08,0050,170.55
2024-08-09,0050,175.85
2024-08-12,0050,178.05
2024-08-13,0050,178.5
2024-08-14,0050,180.75
2024-08-15,0050,179.35
2024-08-16,0050,183.4
2024-08-19,0050,183.65
2024-08-20,0050,183.75
2024-08-21,0050,181.8
2024-08-22,0050,180.85
2024-08-23,0050,180.95
2024-08-26,0050,181.25
2024-08-27,0050,180.45
2024-08-28,0050,183.0
2024-08-29,0050,180.5
2024-08-30,0050,181.35
2024-09-02,0050,180.85
2024-09-03,0050,180.05
2024-09-04,0050,171.25
2024-09-05,0050,172.3
2024-09-06,0050,174.75
2024-09-09,0050,172.05
2024-09-10,0050,172.35
2024-09-11,0050,171.85
2024-09-12,0050,178.3
2024-09-13,0050,178.4
2024-09-16,0050,178.75
2024-09-18,0050,177.85
2024-09-19,0050,180.15
2024-09-20,0050,182.45
2024-09-23,0050,183.25
2024-09-24,0050,185.0
2024-09-25,0050,187.75
2024-09-26,0050,189.3
2024-09-27,0050,188.9
2024-09-30,0050,183.95
2024-10-01,0050,183.6
2024-10-04,0050,183.6
2024-10-07,0050,188.15
2024-10-08,0050,187.25
2024-10-09,0050,189.0
2024-10-11,0050,192.15
2024-10-14,0050,192.3
2024-10-15,0050,196.4
2024-10-16,0050,193.0
2024-10-17,0050,193.3
2024-10-18,0050,198.1
2024-10-21,0050,198.05
2024-10-22,0050,197.3
2024-10-23,0050,196.0
2024-10-24,0050,194.8
2024-10-25,0050,196.4
2024-10-28,0050,196.05
2024-10-29,0050,191.5
2024-10-30,0050,191.8
2024-11-01,0050,190.5
2024-11-04,0050,192.95
2024-11-05,0050,193.65
2024-11-06,0050,195.2
2024-11-07,0050,197.45
2024-11-08,0050,199.0
2024-11-11,0050,199.1
2024-11-12,0050,194.0
2024-11-13,0050,192.75
2024-11-14,0050,191.0
2024-11-15,0050,192.35
2024-11-18,0050,189.65
2024-11-19,0050,192.25
2024-11-20,0050,191.45
2024-11-21,0050,189.35
2024-11-22,0050,193.05
2024-11-25,0050,192.35
2024-11-26,0050,189.85
2024-11-27,0050,187.1
2024-11-28,0050,186.8
2024-11-29,0050,187.25
2024-12-02,0050,191.7
2024-12-03,0050,194.3
2024-12-04,0050,195.45
2024-12-05,0050,196.5
2024-12-06,0050,195.75
2024-12-09,0050,196.0
2024-12-10,0050,194.6
2024-12-11,0050,192.9
2024-12-12,0050,195.15
2024-12-13,0050,195.3
2024-12-16,0050,196.1
2024-12-17,0050,197.1
2024-12-18,0050,197.1
2024-12-19,0050,194.4
2024-12-20,0050,192.6
2024-12-23,0050,197.25
2024-12-24,0050,197.8
2024-12-25,0050,198.4
2024-12-26,0050,198.25
2024-12-27,0050,198.9
2024-12-30,0050,197.8
2024-12-31,0050,195.75
2025-01-02,0050,194.05
2025-01-03,0050,196.0
2025-01-06,0050,202.15
2025-01-07,0050,204.4
2025-01-08,0050,201.35
2025-01-09,0050,199.05
2025-01-10,0050,199.0
2025-01-13,0050,194.4
2025-01-14,0050,195.6
2025-01-15,0050,194.1
2025-01-16,0050,198.05
2025-01-17,0050,196.3
2025-01-20,0050,198.3
2025-01-21,0050,198.7
2025-01-22,0050,201.3
2025-02-03,0050,192.7
2025-02-04,0050,193.85
2025-02-05,0050,196.8
2025-02-06,0050,197.65
2025-02-07,0050,198.55
2025-02-10,0050,196.3
2025-02-11,0050,197.5
2025-02-12,0050,197.2
2025-02-13,0050,196.35
2025-02-14,0050,194.0
2025-02-17,0050,196.95
2025-02-18,0050,197.65
2025-02-19,0050,197.3
2025-02-20,0050,196.55
2025-02-21,0050,197.95
2025-02-24,0050,196.2
2025-02-25,0050,193.65
2025-02-26,0050,194.7
2025-02-27,0050,192.5
2025-03-03,0050,188.05
2025-03-04,0050,186.8
2025-03-05,0050,189.25
2025-03-06,0050,188.1
2025-03-07,0050,186.35
2025-03-10,0050,185.25
2025-03-11,0050,182.0
2025-03-12,0050,182.8
2025-03-13,0050,181.1
2025-03-14,0050,180.5
2025-03-17,0050,182.05
2025-03-18,0050,182.8
2025-03-19,0050,180.55
2025-03-20,0050,184.45
2025-03-21,0050,182.95
2025-03-24,0050,182.75
2025-03-25,0050,184.65
2025-03-26,0050,184.5
2025-03-27,0050,181.0
2025-03-28,0050,179.2
2025-03-31,0050,172.75
2025-04-01,0050,176.3
2025-04-02,0050,176.0
2025-04-07,0050,158.4
2025-04-08,0050,153.25
2025-04-09,0050,146.2
2025-04-10,0050,160.8
2025-04-11,0050,164.55
2025-04-14,0050,163.7
2025-04-15,0050,165.35
2025-04-16,0050,162.35
2025-04-17,0050,160.55
2025-04-18,0050,160.9
2025-04-21,0050,158.6
2025-04-22,0050,155.95
2025-04-23,0050,162.85
2025-04-24,0050,161.9
2025-04-25,0050,165.75
2025-04-28,0050,167.15
2025-04-29,0050,167.8
2025-04-30,0050,168.6
2025-05-02,0050,173.5
2025-05-05,0050,171.95
2025-05-06,0050,171.0
2025-05-07,0050,170.35
2025-05-08,0050,172.6
2025-05-09,0050,174.75
2025-05-12,0050,176.7
2025-05-13,0050,178.85
2025-05-14,0050,182.9
2025-05-15,0050,182.5
2025-05-16,0050,183.0
2025-05-19,0050,180.45
2025-05-20,0050,180.8
2025-05-21,0050,183.6
2025-05-22,0050,181.6
2025-05-23,0050,180.85
2025-05-26,0050,180.65
2025-05-27,0050,179.05
2025-05-28,0050,179.35
2025-05-29,0050,179.75
2025-06-02,0050,175.9
2025-06-03,0050,177.15
2025-06-04,0050,181.3
2025-06-05,0050,181.65
2025-06-06,0050,181.95
2025-06-09,0050,183.7
2025-06-10,0050,188.65
2025-06-18,0050,47.57
2025-06-19,0050,47.1
2025-06-20,0050,47.03
2025-06-23,0050,46.64
2025-06-24,0050,47.49
2025-06-25,0050,48.18
2025-06-26,0050,48.24
2025-06-27,0050,48.29
2025-06-30,0050,48.36
2025-07-01,0050,48.64
2025-07-02,0050,48.65
2025-07-03,0050,49.32
2025-07-04,0050,48.86
2025-07-07,0050,48.57
2025-07-08,0050,48.35
2025-07-09,0050,48.85
2025-07-10,0050,49.41
2025-07-11,0050,49.62
2025-07-14,0050,49.33
2025-07-15,0050,50.0
2025-07-16,0050,50.4
2025-07-17,0050,50.7
2025-07-18,0050,51.45
2025-07-21,0050,50.9
2025-07-22,0050,50.55
2025-07-23,0050,50.7
2025-07-24,0050,51.0
2025-07-25,0050,50.9
2025-07-28,0050,51.05
2025-07-29,0050,50.45
2025-07-30,0050,51.0
2025-07-31,0050,51.55
2025-08-01,0050,51.1
2025-08-04,0050,50.8
2025-08-05,0050,51.45
2020-07-20,00878,15.32
2020-07-21,00878,15.74
2020-07-22,00878,15.31
2020-07-23,00878,15.14
2020-07-24,00878,15.05
2020-07-27,00878,14.98
2020-07-28,00878,14.85
2020-07-29,00878,14.88
2020-07-30,00878,15.0
2020-07-31,00878,15.05
2020-08-03,00878,14.98
2020-08-04,00878,15.02
2020-08-05,00878,15.16
2020-08-06,00878,15.15
2020-08-07,00878,15.1
2020-08-10,00878,15.14
2020-08-11,00878,15.08
2020-08-12,00878,15.01
2020-08-13,00878,15.07
2020-08-14,00878,15.14
2020-08-17,00878,15.27
2020-08-18,00878,15.27
2020-08-19,00878,15.19
2020-08-20,00878,14.87
2020-08-21,00878,14.9
2020-08-24,00878,14.94
2020-08-25,00878,15.0
2020-08-26,00878,15.02
2020-08-27,00878,14.99
2020-08-28,00878,14.97
2020-08-31,00878,14.87
2020-09-01,00878,14.85
2020-09-02,00878,14.83
2020-09-03,00878,14.88
2020-09-04,00878,14.77
2020-09-07,00878,14.79
2020-09-08,00878,14.81
2020-09-09,00878,14.75
2020-09-10,00878,14.78
2020-09-11,00878,14.76
2020-09-14,00878,14.86
2020-09-15,00878,14.89
2020-09-16,00878,14.89
2020-09-17,00878,14.79
2020-09-18,00878,14.83
2020-09-21,00878,14.73
2020-09-22,00878,14.65
2020-09-23,00878,14.6
2020-09-24,00878,14.33
2020-09-25,00878,14.24
2020-09-28,00878,14.5
2020-09-29,00878,14.53
2020-09-30,00878,14.58
2020-10-05,00878,14.54
2020-10-06,00878,14.6
2020-10-07,00878,14.6
2020-10-08,00878,14.66
2020-10-12,00878,14.65
2020-10-13,00878,14.62
2020-10-14,00878,14.64
2020-10-15,00878,14.57
2020-10-16,00878,14.5
2020-10-19,00878,14.55
2020-10-20,00878,14.51
2020-10-21,00878,14.5
2020-10-22,00878,14.5
2020-10-23,00878,14.54
2020-10-26,00878,14.6
2020-10-27,00878,14.57
2020-10-28,00878,14.55
2020-10-29,00878,14.49
2020-10-30,00878,14.42
2020-11-02,00878,14.42
2020-11-03,00878,14.51
2020-11-04,00878,14.58
2020-11-05,00878,14.61
2020-11-06,00878,14.65
2020-11-09,00878,14.76
2020-11-10,00878,14.79
2020-11-11,00878,14.99
2020-11-12,00878,14.94
2020-11-13,00878,14.97
2020-11-16,00878,15.1
2020-11-17,00878,15.13
2020-11-18,00878,15.22
2020-11-19,00878,15.21
2020-11-20,00878,15.23
2020-11-23,00878,15.4
2020-11-24,00878,15.36
2020-11-25,00878,15.34
2020-11-26,00878,15.41
2020-11-27,00878,15.43
2020-11-30,00878,15.35
2020-12-01,00878,15.47
2020-12-02,00878,15.54
2020-12-03,00878,15.6
2020-12-04,00878,15.76
2020-12-07,00878,15.91
2020-12-08,00878,16.0
2020-12-09,00878,16.14
2020-12-10,00878,15.98
2020-12-11,00878,15.98
2020-12-14,00878,15.95
2020-12-15,00878,15.69
2020-12-16,00878,15.92
2020-12-17,00878,15.91
2020-12-18,00878,15.86
2020-12-21,00878,15.84
2020-12-22,00878,15.7
2020-12-23,00878,15.74
2020-12-24,00878,15.83
2020-12-25,00878,15.89
2020-12-28,00878,16.03
2020-12-29,00878,16.02
2020-12-30,00878,16.16
2020-12-31,00878,16.14
2021-01-04,00878,16.2
2021-01-05,00878,16.21
2021-01-06,00878,16.1
2021-01-07,00878,16.24
2021-01-08,00878,16.5
2021-01-11,00878,16.67
2021-01-12,00878,16.56
2021-01-13,00878,16.87
2021-01-14,00878,17.0
2021-01-15,00878,16.87
2021-01-18,00878,16.7
2021-01-19,00878,16.76
2021-01-20,00878,16.4
2021-01-21,00878,16.5
2021-01-22,00878,16.65
2021-01-25,00878,16.84
2021-01-26,00878,16.68
2021-01-27,00878,16.81
2021-01-28,00878,16.62
2021-01-29,00878,16.36
2021-02-01,00878,16.45
2021-02-02,00878,16.61
2021-02-03,00878,16.67
2021-02-04,00878,16.62
2021-02-05,00878,16.74
2021-02-17,00878,16.93
2021-02-18,00878,16.99
2021-02-19,00878,17.05
2021-02-22,00878,17.25
2021-02-23,00878,17.43
2021-02-24,00878,17.37
2021-02-25,00878,17.43
2021-02-26,00878,17.14
2021-03-02,00878,17.08
2021-03-03,00878,17.24
2021-03-04,00878,17.1
2021-03-05,00878,17.0
2021-03-08,00878,17.02
2021-03-09,00878,17.14
2021-03-10,00878,17.16
2021-03-11,00878,17.39
2021-03-12,00878,17.5
2021-03-15,00878,17.6
2021-03-16,00878,17.65
2021-03-17,00878,17.6
2021-03-18,00878,17.72
2021-03-19,00878,17.67
2021-03-22,00878,17.74
2021-03-23,00878,17.8
2021-03-24,00878,17.78
2021-03-25,00878,17.85
2021-03-26,00878,17.99
2021-03-29,00878,18.21
2021-03-30,00878,18.45
2021-03-31,00878,18.39
2021-04-01,00878,18.42
2021-04-06,00878,18.51
2021-04-07,00878,18.53
2021-04-08,00878,18.58
2021-04-09,00878,18.51
2021-04-12,00878,18.56
2021-04-13,00878,18.49
2021-04-14,00878,18.43
2021-04-15,00878,18.5
2021-04-16,00878,18.73
2021-04-19,00878,18.96
2021-04-20,00878,19.01
2021-04-21,00878,19.02
2021-04-22,00878,18.9
2021-04-23,00878,18.94
2021-04-26,00878,19.19
2021-04-27,00878,19.22
2021-04-28,00878,19.19
2021-04-29,00878,19.15
2021-05-03,00878,19.02
2021-05-04,00878,18.76
2021-05-05,00878,18.82
2021-05-06,00878,18.87
2021-05-07,00878,19.15
2021-05-10,00878,19.26
2021-05-11,00878,19.0
2021-05-12,00878,17.92
2021-05-13,00878,17.83
2021-05-14,00878,18.05
2021-05-17,00878,17.48
2021-05-18,00878,17.9
2021-05-19,00878,17.88
2021-05-20,00878,17.78
2021-05-21,00878,17.96
2021-05-24,00878,17.9
2021-05-25,00878,18.12
2021-05-26,00878,18.1
2021-05-27,00878,18.01
2021-05-28,00878,18.19
2021-05-31,00878,18.33
2021-06-01,00878,18.47
2021-06-02,00878,18.41
2021-06-03,00878,18.42
2021-06-04,00878,18.32
2021-06-07,00878,18.25
2021-06-08,00878,18.27
2021-06-09,00878,18.16
2021-06-10,00878,18.24
2021-06-11,00878,18.26
2021-06-15,00878,18.26
2021-06-16,00878,18.28
2021-06-17,00878,18.35
2021-06-18,00878,18.3
2021-06-21,00878,18.14
2021-06-22,00878,18.09
2021-06-23,00878,18.2
2021-06-24,00878,18.23
2021-06-25,00878,18.25
2021-06-28,00878,18.27
2021-06-29,00878,18.2
2021-06-30,00878,18.23
2021-07-01,00878,18.21
2021-07-02,00878,18.25
2021-07-05,00878,18.38
2021-07-06,00878,18.4
2021-07-07,00878,18.39
2021-07-08,00878,18.45
2021-07-09,00878,18.41
2021-07-12,00878,18.45
2021-07-13,00878,18.47
2021-07-14,00878,18.46
2021-07-15,00878,18.49
2021-07-16,00878,18.54
2021-07-19,00878,18.51
2021-07-20,00878,18.37
2021-07-21,00878,18.32
2021-07-22,00878,18.4
2021-07-23,00878,18.42
2021-07-26,00878,18.39
2021-07-27,00878,18.35
2021-07-28,00878,18.17
2021-07-29,00878,18.29
2021-07-30,00878,18.26
2021-08-02,00878,18.44
2021-08-03,00878,18.49
2021-08-04,00878,18.59
2021-08-05,00878,18.64
2021-08-06,00878,18.63
2021-08-09,00878,18.51
2021-08-10,00878,18.45
2021-08-11,00878,18.42
2021-08-12,00878,18.35
2021-08-13,00878,18.24
2021-08-16,00878,18.2
2021-08-17,00878,17.73
2021-08-18,00878,17.86
2021-08-19,00878,17.56
2021-08-20,00878,17.46
2021-08-23,00878,17.66
2021-08-24,00878,17.76
2021-08-25,00878,17.86
2021-08-26,00878,17.8
2021-08-27,00878,17.98
2021-08-30,00878,18.12
2021-08-31,00878,18.18
2021-09-01,00878,18.19
2021-09-02,00878,18.05
2021-09-03,00878,18.15
2021-09-06,00878,18.15
2021-09-07,00878,18.15
2021-09-08,00878,18.02
2021-09-09,00878,18.01
2021-09-10,00878,18.15
2021-09-13,00878,18.2
2021-09-14,00878,18.25
2021-09-15,00878,18.24
2021-09-16,00878,18.25
2021-09-17,00878,18.3
2021-09-22,00878,18.12
2021-09-23,00878,18.3
2021-09-24,00878,18.35
2021-09-27,00878,18.42
2021-09-28,00878,18.37
2021-09-29,00878,18.16
2021-09-30,00878,18.21
2021-10-01,00878,18.03
2021-10-04,00878,17.95
2021-10-05,00878,17.96
2021-10-06,00878,17.99
2021-10-07,00878,18.2
2021-10-08,00878,18.18
2021-10-12,00878,18.06
2021-10-13,00878,18.03
2021-10-14,00878,18.05
2021-10-15,00878,18.16
2021-10-18,00878,18.18
2021-10-19,00878,18.19
2021-10-20,00878,18.19
2021-10-21,00878,18.18
2021-10-22,00878,18.19
2021-10-25,00878,18.24
2021-10-26,00878,18.33
2021-10-27,00878,18.36
2021-10-28,00878,18.38
2021-10-29,00878,18.32
2021-11-01,00878,18.32
2021-11-02,00878,18.34
2021-11-03,00878,18.41
2021-11-04,00878,18.42
2021-11-05,00878,18.44
2021-11-08,00878,18.55
2021-11-09,00878,18.65
2021-11-10,00878,18.69
2021-11-11,00878,18.67
2021-11-12,00878,18.73
2021-11-15,00878,18.85
2021-11-16,00878,18.58
2021-11-17,00878,18.65
2021-11-18,00878,18.77
2021-11-19,00878,18.71
2021-11-22,00878,18.74
2021-11-23,00878,18.62
2021-11-24,00878,18.67
2021-11-25,00878,18.72
2021-11-26,00878,18.49
2021-11-29,00878,18.4
2021-11-30,00878,18.42
2021-12-01,00878,18.55
2021-12-02,00878,18.55
2021-12-03,00878,18.66
2021-12-06,00878,18.7
2021-12-07,00878,18.76
2021-12-08,00878,18.8
2021-12-09,00878,18.82
2021-12-10,00878,18.84
2021-12-13,00878,18.82
2021-12-14,00878,18.7
2021-12-15,00878,18.74
2021-12-16,00878,18.85
2021-12-17,00878,18.86
2021-12-20,00878,18.75
2021-12-21,00878,18.84
2021-12-22,00878,18.87
2021-12-23,00878,18.91
2021-12-24,00878,18.94
2021-12-27,00878,19.02
2021-12-28,00878,19.1
2021-12-29,00878,19.17
2021-12-30,00878,19.17
2022-01-03,00878,19.1
2022-01-04,00878,19.18
2022-01-05,00878,19.17
2022-01-06,00878,19.15
2022-01-07,00878,19.11
2022-01-10,00878,19.17
2022-01-11,00878,19.25
2022-01-12,00878,19.35
2022-01-13,00878,19.48
2022-01-14,00878,19.4
2022-01-17,00878,19.37
2022-01-18,00878,19.44
2022-01-19,00878,19.41
2022-01-20,00878,19.41
2022-01-21,00878,19.17
2022-01-24,00878,19.16
2022-01-25,00878,18.96
2022-01-26,00878,19.01
2022-02-07,00878,19.29
2022-02-08,00878,19.48
2022-02-09,00878,19.6
2022-02-10,00878,19.65
2022-02-11,00878,19.62
2022-02-14,00878,19.48
2022-02-15,00878,19.44
2022-02-16,00878,19.52
2022-02-17,00878,19.62
2022-02-18,00878,19.7
2022-02-21,00878,19.75
2022-02-22,00878,19.36
2022-02-23,00878,19.34
2022-02-24,00878,19.01
2022-02-25,00878,19.02
2022-03-01,00878,19.29
2022-03-02,00878,19.29
2022-03-03,00878,19.34
2022-03-04,00878,19.19
2022-03-07,00878,18.8
2022-03-08,00878,18.49
2022-03-09,00878,18.63
2022-03-10,00878,18.96
2022-03-11,00878,18.88
2022-03-14,00878,19.0
2022-03-15,00878,18.85
2022-03-16,00878,18.99
2022-03-17,00878,19.23
2022-03-18,00878,19.23
2022-03-21,00878,19.26
2022-03-22,00878,19.29
2022-03-23,00878,19.39
2022-03-24,00878,19.38
2022-03-25,00878,19.32
2022-03-28,00878,19.31
2022-03-29,00878,19.26
2022-03-30,00878,19.37
2022-03-31,00878,19.35
2022-04-01,00878,19.34
2022-04-06,00878,19.4
2022-04-07,00878,19.23
2022-04-08,00878,19.32
2022-04-11,00878,19.2
2022-04-12,00878,19.11
2022-04-13,00878,19.27
2022-04-14,00878,19.12
2022-04-15,00878,19.03
2022-04-18,00878,18.92
2022-04-19,00878,18.95
2022-04-20,00878,18.97
2022-04-21,00878,18.97
2022-04-22,00878,19.0
2022-04-25,00878,18.75
2022-04-26,00878,18.8
2022-04-27,00878,18.6
2022-04-28,00878,18.67
2022-04-29,00878,18.82
2022-05-03,00878,18.75
2022-05-04,00878,18.83
2022-05-05,00878,18.87
2022-05-06,00878,18.67
2022-05-09,00878,18.34
2022-05-10,00878,18.34
2022-05-11,00878,18.18
2022-05-12,00878,17.83
2022-05-13,00878,17.9
2022-05-16,00878,17.9
2022-05-17,00878,17.89
2022-05-18,00878,17.74
2022-05-19,00878,17.53
2022-05-20,00878,17.59
2022-05-23,00878,17.5
2022-05-24,00878,17.38
2022-05-25,00878,17.48
2022-05-26,00878,17.42
2022-05-27,00878,17.6
2022-05-30,00878,17.86
2022-05-31,00878,17.87
2022-06-01,00878,17.9
2022-06-02,00878,17.82
2022-06-06,00878,17.8
2022-06-07,00878,17.71
2022-06-08,00878,17.8
2022-06-09,00878,17.7
2022-06-10,00878,17.61
2022-06-13,00878,17.34
2022-06-14,00878,17.35
2022-06-15,00878,17.32
2022-06-16,00878,17.25
2022-06-17,00878,17.08
2022-06-20,00878,16.82
2022-06-21,00878,17.18
2022-06-22,00878,16.95
2022-06-23,00878,16.96
2022-06-24,00878,17.06
2022-06-27,00878,17.21
2022-06-28,00878,17.11
2022-06-29,00878,17.02
2022-06-30,00878,16.66
2022-07-01,00878,16.39
2022-07-04,00878,16.35
2022-07-05,00878,16.4
2022-07-06,00878,16.06
2022-07-07,00878,16.21
2022-07-08,00878,16.26
2022-07-11,00878,16.2
2022-07-12,00878,15.97
2022-07-13,00878,16.31
2022-07-14,00878,16.34
2022-07-15,00878,16.18
2022-07-18,00878,16.31
2022-07-19,00878,16.31
2022-07-20,00878,16.42
2022-07-21,00878,16.56
2022-07-22,00878,16.58
2022-07-25,00878,16.7
2022-07-26,00878,16.64
2022-07-27,00878,16.74
2022-07-28,00878,16.81
2022-07-29,00878,16.9
2022-08-01,00878,16.94
2022-08-02,00878,16.79
2022-08-03,00878,16.75
2022-08-04,00878,16.77
2022-08-05,00878,16.97
2022-08-08,00878,17.05
2022-08-09,00878,17.15
2022-08-10,00878,17.1
2022-08-11,00878,17.29
2022-08-12,00878,17.32
2022-08-15,00878,17.33
2022-08-16,00878,17.12
2022-08-17,00878,17.11
2022-08-18,00878,17.15
2022-08-19,00878,17.17
2022-08-22,00878,17.17
2022-08-23,00878,17.03
2022-08-24,00878,17.0
2022-08-25,00878,17.07
2022-08-26,00878,17.15
2022-08-29,00878,16.91
2022-08-30,00878,16.98
2022-08-31,00878,17.03
2022-09-01,00878,16.85
2022-09-02,00878,16.8
2022-09-05,00878,16.84
2022-09-06,00878,16.84
2022-09-07,00878,16.69
2022-09-08,00878,16.94
2022-09-12,00878,17.1
2022-09-13,00878,17.18
2022-09-14,00878,16.96
2022-09-15,00878,17.06
2022-09-16,00878,16.9
2022-09-19,00878,16.88
2022-09-20,00878,16.92
2022-09-21,00878,16.8
2022-09-22,00878,16.62
2022-09-23,00878,16.56
2022-09-26,00878,16.29
2022-09-27,00878,16.27
2022-09-28,00878,16.05
2022-09-29,00878,16.11
2022-09-30,00878,16.04
2022-10-03,00878,15.87
2022-10-04,00878,16.08
2022-10-05,00878,16.21
2022-10-06,00878,16.18
2022-10-07,00878,16.07
2022-10-11,00878,15.78
2022-10-12,00878,15.86
2022-10-13,00878,15.63
2022-10-14,00878,15.7
2022-10-17,00878,15.58
2022-10-18,00878,15.61
2022-10-19,00878,15.6
2022-10-20,00878,15.51
2022-10-21,00878,15.5
2022-10-24,00878,15.49
2022-10-25,00878,15.44
2022-10-26,00878,15.58
2022-10-27,00878,15.64
2022-10-28,00878,15.6
2022-10-31,00878,15.7
2022-11-01,00878,15.79
2022-11-02,00878,15.82
2022-11-03,00878,15.78
2022-11-04,00878,15.84
2022-11-07,00878,16.05
2022-11-08,00878,16.15
2022-11-09,00878,16.26
2022-11-10,00878,16.17
2022-11-11,00878,16.48
2022-11-14,00878,16.74
2022-11-15,00878,16.77
2022-11-16,00878,16.42
2022-11-17,00878,16.37
2022-11-18,00878,16.25
2022-11-21,00878,16.15
2022-11-22,00878,16.1
2022-11-23,00878,16.28
2022-11-24,00878,16.35
2022-11-25,00878,16.4
2022-11-28,00878,16.34
2022-11-29,00878,16.46
2022-11-30,00878,16.65
2022-12-01,00878,16.68
2022-12-02,00878,16.61
2022-12-05,00878,16.67
2022-12-06,00878,16.45
2022-12-07,00878,16.4
2022-12-08,00878,16.32
2022-12-09,00878,16.41
2022-12-12,00878,16.42
2022-12-13,00878,16.29
2022-12-14,00878,16.46
2022-12-15,00878,16.44
2022-12-16,00878,16.31
2022-12-19,00878,16.25
2022-12-20,00878,16.1
2022-12-21,00878,16.07
2022-12-22,00878,16.27
2022-12-23,00878,16.19
2022-12-26,00878,16.23
2022-12-27,00878,16.27
2022-12-28,00878,16.17
2022-12-29,00878,16.09
2022-12-30,00878,16.17
2023-01-03,00878,16.18
2023-01-04,00878,16.23
2023-01-05,00878,16.32
2023-01-06,00878,16.41
2023-01-09,00878,16.66
2023-01-10,00878,16.68
2023-01-11,00878,16.67
2023-01-12,00878,16.59
2023-01-13,00878,16.62
2023-01-16,00878,16.7
2023-01-17,00878,16.72
2023-01-30,00878,17.01
2023-01-31,00878,16.88
2023-02-01,00878,17.0
2023-02-02,00878,17.12
2023-02-03,00878,17.1
2023-02-06,00878,17.05
2023-02-07,00878,17.06
2023-02-08,00878,17.15
2023-02-09,00878,17.11
2023-02-10,00878,17.06
2023-02-13,00878,17.12
2023-02-14,00878,17.24
2023-02-15,00878,17.16
2023-02-16,00878,17.03
2023-02-17,00878,17.04
2023-02-20,00878,17.13
2023-02-21,00878,17.12
2023-02-22,00878,17.06
2023-02-23,00878,17.17
2023-02-24,00878,17.1
2023-03-01,00878,17.03
2023-03-02,00878,17.08
2023-03-03,00878,17.13
2023-03-06,00878,17.23
2023-03-07,00878,17.31
2023-03-08,00878,17.31
2023-03-09,00878,17.21
2023-03-10,00878,17.05
2023-03-13,00878,16.98
2023-03-14,00878,16.85
2023-03-15,00878,16.85
2023-03-16,00878,16.76
2023-03-17,00878,16.92
2023-03-20,00878,16.86
2023-03-21,00878,16.93
2023-03-22,00878,17.1
2023-03-23,00878,17.17
2023-03-24,00878,17.22
2023-03-27,00878,17.22
2023-03-28,00878,17.16
2023-03-29,00878,17.2
2023-03-30,00878,17.25
2023-03-31,00878,17.34
2023-04-06,00878,17.35
2023-04-07,00878,17.36
2023-04-10,00878,17.4
2023-04-11,00878,17.5
2023-04-12,00878,17.59
2023-04-13,00878,17.57
2023-04-14,00878,17.61
2023-04-17,00878,17.63
2023-04-18,00878,17.62
2023-04-19,00878,17.61
2023-04-20,00878,17.52
2023-04-21,00878,17.47
2023-04-24,00878,17.51
2023-04-25,00878,17.33
2023-04-26,00878,17.38
2023-04-27,00878,17.45
2023-04-28,00878,17.56
2023-05-02,00878,17.68
2023-05-03,00878,17.69
2023-05-04,00878,17.73
2023-05-05,00878,17.68
2023-05-08,00878,17.75
2023-05-09,00878,17.78
2023-05-10,00878,17.75
2023-05-11,00878,17.75
2023-05-12,00878,17.79
2023-05-15,00878,17.83
2023-05-16,00878,17.97
2023-05-17,00878,17.84
2023-05-18,00878,17.94
2023-05-19,00878,18.02
2023-05-22,00878,18.02
2023-05-23,00878,18.01
2023-05-24,00878,17.98
2023-05-25,00878,18.05
2023-05-26,00878,18.17
2023-05-29,00878,18.36
2023-05-30,00878,18.34
2023-05-31,00878,18.31
2023-06-01,00878,18.25
2023-06-02,00878,18.58
2023-06-05,00878,18.62
2023-06-06,00878,18.65
2023-06-07,00878,18.78
2023-06-08,00878,18.7
2023-06-09,00878,18.97
2023-06-12,00878,18.96
2023-06-13,00878,19.15
2023-06-14,00878,19.2
2023-06-15,00878,19.41
2023-06-16,00878,19.36
2023-06-19,00878,19.28
2023-06-20,00878,19.13
2023-06-21,00878,19.35
2023-06-26,00878,19.28
2023-06-27,00878,19.03
2023-06-28,00878,19.1
2023-06-29,00878,19.2
2023-06-30,00878,19.25
2023-07-03,00878,19.52
2023-07-04,00878,19.76
2023-07-05,00878,19.69
2023-07-06,00878,19.49
2023-07-07,00878,19.31
2023-07-10,00878,19.31
2023-07-11,00878,19.8
2023-07-12,00878,20.19
2023-07-13,00878,20.53
2023-07-14,00878,21.01
2023-07-17,00878,21.28
2023-07-18,00878,21.43
2023-07-19,00878,20.96
2023-07-20,00878,21.19
2023-07-21,00878,21.61
2023-07-24,00878,22.13
2023-07-25,00878,22.2
2023-07-26,00878,22.2
2023-07-27,00878,22.18
2023-07-28,00878,22.45
2023-07-31,00878,21.86
2023-08-01,00878,21.87
2023-08-02,00878,21.17
2023-08-04,00878,21.15
2023-08-07,00878,21.76
2023-08-08,00878,21.61
2023-08-09,00878,21.5
2023-08-10,00878,21.09
2023-08-11,00878,21.22
2023-08-14,00878,21.05
2023-08-15,00878,21.43
2023-08-16,00878,21.27
2023-08-17,00878,21.32
2023-08-18,00878,21.05
2023-08-21,00878,21.06
2023-08-22,00878,21.12
2023-08-23,00878,21.28
2023-08-24,00878,21.38
2023-08-25,00878,20.98
2023-08-28,00878,20.83
2023-08-29,00878,20.95
2023-08-30,00878,21.01
2023-08-31,00878,20.97
2023-09-01,00878,20.88
2023-09-04,00878,20.94
2023-09-05,00878,20.95
2023-09-06,00878,21.04
2023-09-07,00878,20.94
2023-09-08,00878,20.93
2023-09-11,00878,20.45
2023-09-12,00878,20.41
2023-09-13,00878,20.45
2023-09-14,00878,20.81
2023-09-15,00878,20.85
2023-09-18,00878,20.59
2023-09-19,00878,20.48
2023-09-20,00878,20.44
2023-09-21,00878,20.23
2023-09-22,00878,20.33
2023-09-25,00878,20.44
2023-09-26,00878,20.26
2023-09-27,00878,20.3
2023-09-28,00878,20.38
2023-10-02,00878,20.76
2023-10-03,00878,20.63
2023-10-04,00878,20.44
2023-10-05,00878,20.64
2023-10-06,00878,20.75
2023-10-11,00878,20.72
2023-10-12,00878,20.89
2023-10-13,00878,20.6
2023-10-16,00878,20.5
2023-10-17,00878,20.36
2023-10-18,00878,20.04
2023-10-19,00878,20.02
2023-10-20,00878,19.85
2023-10-23,00878,19.69
2023-10-24,00878,19.86
2023-10-25,00878,19.9
2023-10-26,00878,19.64
2023-10-27,00878,19.76
2023-10-30,00878,19.73
2023-10-31,00878,19.5
2023-11-01,00878,19.61
2023-11-02,00878,19.96
2023-11-03,00878,20.0
2023-11-06,00878,20.25
2023-11-07,00878,20.2
2023-11-08,00878,20.47
2023-11-09,00878,20.46
2023-11-10,00878,20.36
2023-11-13,00878,20.36
2023-11-14,00878,20.53
2023-11-15,00878,20.69
2023-11-16,00878,20.26
2023-11-17,00878,20.37
2023-11-20,00878,20.36
2023-11-21,00878,20.67
2023-11-22,00878,20.55
2023-11-23,00878,20.44
2023-11-24,00878,20.41
2023-11-27,00878,20.32
2023-11-28,00878,20.43
2023-11-29,00878,20.54
2023-11-30,00878,20.59
2023-12-01,00878,20.51
2023-12-04,00878,20.56
2023-12-05,00878,20.46
2023-12-06,00878,20.55
2023-12-07,00878,20.51
2023-12-08,00878,20.6
2023-12-11,00878,20.61
2023-12-12,00878,20.63
2023-12-13,00878,20.83
2023-12-14,00878,21.1
2023-12-15,00878,20.99
2023-12-18,00878,21.04
2023-12-19,00878,20.94
2023-12-20,00878,21.2
2023-12-21,00878,21.11
2023-12-22,00878,21.15
2023-12-25,00878,21.38
2023-12-26,00878,21.5
2023-12-27,00878,21.76
2023-12-28,00878,21.77
2023-12-29,00878,21.8
2024-01-02,00878,21.56
2024-01-03,00878,21.25
2024-01-04,00878,21.21
2024-01-05,00878,21.2
2024-01-08,00878,21.27
2024-01-09,00878,21.25
2024-01-10,00878,21.1
2024-01-11,00878,21.21
2024-01-12,00878,21.19
2024-01-15,00878,21.19
2024-01-16,00878,21.07
2024-01-17,00878,20.85
2024-01-18,00878,20.83
2024-01-19,00878,21.26
2024-01-22,00878,21.64
2024-01-23,00878,21.63
2024-01-24,00878,21.64
2024-01-25,00878,21.69
2024-01-26,00878,21.52
2024-01-29,00878,21.67
2024-01-30,00878,21.7
2024-01-31,00878,21.63
2024-02-01,00878,21.71
2024-02-02,00878,21.85
2024-02-05,00878,21.89
2024-02-15,00878,22.2
2024-02-16,00878,22.31
2024-02-19,00878,22.3
2024-02-20,00878,22.4
2024-02-21,00878,22.29
2024-02-22,00878,22.41
2024-02-23,00878,22.46
2024-02-26,00878,22.41
2024-02-27,00878,21.85
2024-02-29,00878,21.99
2024-03-01,00878,22.03
2024-03-04,00878,22.07
2024-03-05,00878,22.17
2024-03-06,00878,22.29
2024-03-07,00878,22.33
2024-03-08,00878,22.31
2024-03-11,00878,22.34
2024-03-12,00878,22.55
2024-03-13,00878,22.52
2024-03-14,00878,22.3
2024-03-15,00878,22.38
2024-03-18,00878,22.37
2024-03-19,00878,22.39
2024-03-20,00878,22.29
2024-03-21,00878,22.52
2024-03-22,00878,22.54
2024-03-25,00878,22.48
2024-03-26,00878,22.41
2024-03-27,00878,22.55
2024-03-28,00878,22.57
2024-03-29,00878,22.7
2024-04-01,00878,22.6
2024-04-02,00878,22.67
2024-04-03,00878,22.63
2024-04-08,00878,22.71
2024-04-09,00878,22.76
2024-04-10,00878,22.8
2024-04-11,00878,22.77
2024-04-12,00878,22.7
2024-04-15,00878,22.51
2024-04-16,00878,22.0
2024-04-17,00878,22.15
2024-04-18,00878,22.17
2024-04-19,00878,21.74
2024-04-22,00878,21.55
2024-04-23,00878,21.62
2024-04-24,00878,22.03
2024-04-25,00878,21.77
2024-04-26,00878,21.84
2024-04-29,00878,22.26
2024-04-30,00878,22.26
2024-05-02,00878,22.22
2024-05-03,00878,22.3
2024-05-06,00878,22.63
2024-05-07,00878,22.76
2024-05-08,00878,22.89
2024-05-09,00878,22.83
2024-05-10,00878,23.12
2024-05-13,00878,23.16
2024-05-14,00878,23.3
2024-05-15,00878,23.4
2024-05-16,00878,23.57
2024-05-17,00878,22.99
2024-05-20,00878,23.02
2024-05-21,00878,22.87
2024-05-22,00878,23.2
2024-05-23,00878,23.18
2024-05-24,00878,23.16
2024-05-27,00878,23.54
2024-05-28,00878,23.56
2024-05-29,00878,23.33
2024-05-30,00878,23.11
2024-05-31,00878,23.07
2024-06-03,00878,23.25
2024-06-04,00878,23.05
2024-06-05,00878,22.9
2024-06-06,00878,23.0
2024-06-07,00878,23.01
2024-06-11,00878,22.97
2024-06-12,00878,23.03
2024-06-13,00878,23.31
2024-06-14,00878,23.33
2024-06-17,00878,23.37
2024-06-18,00878,23.51
2024-06-19,00878,23.83
2024-06-20,00878,23.98
2024-06-21,00878,23.85
2024-06-24,00878,23.69
2024-06-25,00878,23.63
2024-06-26,00878,23.6
2024-06-27,00878,23.53
2024-06-28,00878,23.69
2024-07-01,00878,23.88
2024-07-02,00878,23.82
2024-07-03,00878,23.96
2024-07-04,00878,24.1
2024-07-05,00878,24.2
2024-07-08,00878,24.35
2024-07-09,00878,24.34
2024-07-10,00878,24.36
2024-07-11,00878,24.58
2024-07-12,00878,24.4
2024-07-15,00878,24.39
2024-07-16,00878,24.34
2024-07-17,00878,24.2
2024-07-18,00878,23.97
2024-07-19,00878,23.6
2024-07-22,00878,23.2
2024-07-23,00878,23.46
2024-07-26,00878,23.1
2024-07-29,00878,22.99
2024-07-30,00878,22.92
2024-07-31,00878,22.97
2024-08-01,00878,23.36
2024-08-02,00878,22.87
2024-08-05,00878,21.32
2024-08-06,00878,21.86
2024-08-07,00878,22.37
2024-08-08,00878,22.1
2024-08-09,00878,22.57
2024-08-12,00878,22.92
2024-08-13,00878,22.99
2024-08-14,00878,23.26
2024-08-15,00878,23.13
2024-08-16,00878,22.86
2024-08-19,00878,22.88
2024-08-20,00878,22.89
2024-08-21,00878,22.81
2024-08-22,00878,22.72
2024-08-23,00878,22.76
2024-08-26,00878,22.93
2024-08-27,00878,22.89
2024-08-28,00878,22.93
2024-08-29,00878,22.9
2024-08-30,00878,22.91
2024-09-02,00878,22.9
2024-09-03,00878,22.8
2024-09-04,00878,22.09
2024-09-05,00878,22.08
2024-09-06,00878,22.36
2024-09-09,00878,22.13
2024-09-10,00878,22.07
2024-09-11,00878,22.0
2024-09-12,00878,22.27
2024-09-13,00878,22.28
2024-09-16,00878,22.31
2024-09-18,00878,22.19
2024-09-19,00878,22.32
2024-09-20,00878,22.45
2024-09-23,00878,22.58
2024-09-24,00878,22.67
2024-09-25,00878,22.88
2024-09-26,00878,22.95
2024-09-27,00878,22.97
2024-09-30,00878,22.75
2024-10-01,00878,22.7
2024-10-04,00878,22.56
2024-10-07,00878,22.63
2024-10-08,00878,22.49
2024-10-09,00878,22.59
2024-10-11,00878,22.73
2024-10-14,00878,22.78
2024-10-15,00878,23.01
2024-10-16,00878,22.89
2024-10-17,00878,23.04
2024-10-18,00878,23.12
2024-10-21,00878,23.11
2024-10-22,00878,23.18
2024-10-23,00878,23.07
2024-10-24,00878,22.98
2024-10-25,00878,23.1
2024-10-28,00878,23.13
2024-10-29,00878,22.92
2024-10-30,00878,22.87
2024-11-01,00878,22.77
2024-11-04,00878,22.85
2024-11-05,00878,22.99
2024-11-06,00878,23.04
2024-11-07,00878,23.19
2024-11-08,00878,23.2
2024-11-11,00878,23.17
2024-11-12,00878,22.92
2024-11-13,00878,22.92
2024-11-14,00878,22.74
2024-11-15,00878,22.73
2024-11-18,00878,22.06
2024-11-19,00878,22.16
2024-11-20,00878,22.13
2024-11-21,00878,22.08
2024-11-22,00878,22.15
2024-11-25,00878,22.3
2024-11-26,00878,22.18
2024-11-27,00878,21.96
2024-11-28,00878,21.74
2024-11-29,00878,21.76
2024-12-02,00878,22.05
2024-12-03,00878,22.1
2024-12-04,00878,22.18
2024-12-05,00878,22.26
2024-12-06,00878,22.35
2024-12-09,00878,22.35
2024-12-10,00878,22.26
2024-12-11,00878,22.17
2024-12-12,00878,22.25
2024-12-13,00878,22.19
2024-12-16,00878,22.09
2024-12-17,00878,22.1
2024-12-18,00878,22.22
2024-12-19,00878,22.07
2024-12-20,00878,21.99
2024-12-23,00878,22.22
2024-12-24,00878,22.31
2024-12-25,00878,22.37
2024-12-26,00878,22.37
2024-12-27,00878,22.4
2024-12-30,00878,22.3
2024-12-31,00878,22.18
2025-01-02,00878,22.07
2025-01-03,00878,22.13
2025-01-06,00878,22.42
2025-01-07,00878,22.48
2025-01-08,00878,22.45
2025-01-09,00878,22.2
2025-01-10,00878,22.06
2025-01-13,00878,21.79
2025-01-14,00878,21.94
2025-01-15,00878,21.82
2025-01-16,00878,21.99
2025-01-17,00878,21.99
2025-01-20,00878,22.15
2025-01-21,00878,22.24
2025-01-22,00878,22.28
2025-02-03,00878,22.15
2025-02-04,00878,22.07
2025-02-05,00878,22.26
2025-02-06,00878,22.3
2025-02-07,00878,22.37
2025-02-10,00878,22.35
2025-02-11,00878,22.41
2025-02-12,00878,22.46
2025-02-13,00878,22.7
2025-02-14,00878,22.64
2025-02-17,00878,22.83
2025-02-18,00878,22.93
2025-02-19,00878,22.96
2025-02-20,00878,22.45
2025-02-21,00878,22.64
2025-02-24,00878,22.56
2025-02-25,00878,22.52
2025-02-26,00878,22.65
2025-02-27,00878,22.4
2025-03-03,00878,22.26
2025-03-04,00878,22.16
2025-03-05,00878,22.33
2025-03-06,00878,22.33
2025-03-07,00878,22.2
2025-03-10,00878,22.13
2025-03-11,00878,21.9
2025-03-12,00878,21.9
2025-03-13,00878,21.77
2025-03-14,00878,21.74
2025-03-17,00878,21.81
2025-03-18,00878,22.0
2025-03-19,00878,21.88
2025-03-20,00878,22.04
2025-03-21,00878,22.0
2025-03-24,00878,21.93
2025-03-25,00878,21.9
2025-03-26,00878,21.98
2025-03-27,00878,21.82
2025-03-28,00878,21.69
2025-03-31,00878,21.1
2025-04-01,00878,21.38
2025-04-02,00878,21.27
2025-04-07,00878,19.15
2025-04-08,00878,18.74
2025-04-09,00878,17.8
2025-04-10,00878,19.58
2025-04-11,00878,19.68
2025-04-14,00878,19.87
2025-04-15,00878,20.17
2025-04-16,00878,19.99
2025-04-17,00878,19.8
2025-04-18,00878,19.81
2025-04-21,00878,19.69
2025-04-22,00878,19.44
2025-04-23,00878,19.86
2025-04-24,00878,19.72
2025-04-25,00878,20.09
2025-04-28,00878,20.19
2025-04-29,00878,20.29
2025-04-30,00878,20.31
2025-05-02,00878,20.53
2025-05-05,00878,20.39
2025-05-06,00878,20.44
2025-05-07,00878,20.45
2025-05-08,00878,20.52
2025-05-09,00878,20.66
2025-05-12,00878,20.87
2025-05-13,00878,21.01
2025-05-14,00878,21.26
2025-05-15,00878,21.23
2025-05-16,00878,21.26
2025-05-19,00878,20.61
2025-05-20,00878,20.58
2025-05-21,00878,20.79
2025-05-22,00878,20.68
2025-05-23,00878,20.6
2025-05-26,00878,20.55
2025-05-27,00878,20.42
2025-05-28,00878,20.43
2025-05-29,00878,20.43
2025-06-02,00878,20.05
2025-06-03,00878,20.24
2025-06-04,00878,20.49
2025-06-05,00878,20.43
2025-06-06,00878,20.48
2025-06-09,00878,20.53
2025-06-10,00878,20.7
2025-06-11,00878,20.81
2025-06-12,00878,20.84
2025-06-13,00878,20.84
2025-06-16,00878,20.86
2025-06-17,00878,20.87
2025-06-18,00878,20.92
2025-06-19,00878,20.81
2025-06-20,00878,20.7
2025-06-23,00878,20.59
2025-06-24,00878,20.89
2025-06-25,00878,20.96
2025-06-26,00878,20.92
2025-06-27,00878,20.95
2025-06-30,00878,20.9
2025-07-01,00878,20.96
2025-07-02,00878,21.04
2025-07-03,00878,21.13
2025-07-04,00878,21.0
2025-07-07,00878,20.97
2025-07-08,00878,20.87
2025-07-09,00878,20.94
2025-07-10,00878,21.01
2025-07-11,00878,21.09
2025-07-14,00878,21.03
2025-07-15,00878,21.14
2025-07-16,00878,21.2
2025-07-17,00878,21.22
2025-07-18,00878,21.24
2025-07-21,00878,21.22
2025-07-22,00878,21.03
2025-07-23,00878,21.19
2025-07-24,00878,21.23
2025-07-25,00878,21.21
2025-07-28,00878,21.25
2025-07-29,00878,21.1
2025-07-30,00878,21.11
2025-07-31,00878,21.05
2025-08-01,00878,21.05
2025-08-04,00878,21.08
2025-08-05,00878,21.25
2020-01-02,006208,54.1
2020-01-03,006208,54.05
2020-01-06,006208,53.65
2020-01-07,006208,53.25
2020-01-08,006208,53.0
2020-01-09,006208,53.75
2020-01-10,006208,53.85
2020-01-13,006208,54.2
2020-01-14,006208,54.6
2020-01-15,006208,54.15
2020-01-16,006208,53.9
2020-01-17,006208,53.9
2020-01-20,006208,54.05
2020-01-30,006208,52.0
2020-01-31,006208,51.5
2020-02-03,006208,50.9
2020-02-04,006208,51.85
2020-02-05,006208,52.0
2020-02-06,006208,52.9
2020-02-07,006208,52.2
2020-02-10,006208,51.95
2020-02-11,006208,52.45
2020-02-12,006208,53.05
2020-02-13,006208,53.1
2020-02-14,006208,53.15
2020-02-17,006208,52.8
2020-02-18,006208,52.15
2020-02-19,006208,52.6
2020-02-20,006208,52.5
2020-02-21,006208,52.3
2020-02-24,006208,51.7
2020-02-25,006208,51.7
2020-02-26,006208,51.25
2020-02-27,006208,50.75
2020-03-02,006208,50.15
2020-03-03,006208,50.8
2020-03-04,006208,50.9
2020-03-05,006208,51.45
2020-03-06,006208,50.6
2020-03-09,006208,49.55
2020-03-10,006208,49.24
2020-03-11,006208,48.65
2020-03-12,006208,47.0
2020-03-13,006208,45.88
2020-03-16,006208,44.1
2020-03-17,006208,43.03
2020-03-18,006208,41.55
2020-03-19,006208,39.61
2020-03-20,006208,42.0
2020-03-23,006208,40.8
2020-03-24,006208,42.57
2020-03-25,006208,43.8
2020-03-26,006208,44.21
2020-03-27,006208,43.9
2020-03-30,006208,43.36
2020-03-31,006208,43.54
2020-04-01,006208,43.54
2020-04-06,006208,43.95
2020-04-07,006208,44.82
2020-04-08,006208,45.5
2020-04-09,006208,45.4
2020-04-10,006208,45.34
2020-04-13,006208,45.16
2020-04-14,006208,46.27
2020-04-15,006208,46.5
2020-04-16,006208,46.35
2020-04-17,006208,47.63
2020-04-20,006208,47.54
2020-04-21,006208,46.25
2020-04-22,006208,46.17
2020-04-23,006208,46.45
2020-04-24,006208,46.39
2020-04-27,006208,47.31
2020-04-28,006208,47.23
2020-04-29,006208,47.9
2020-04-30,006208,48.93
2020-05-04,006208,47.7
2020-05-05,006208,47.78
2020-05-06,006208,47.74
2020-05-07,006208,48.04
2020-05-08,006208,48.29
2020-05-11,006208,48.72
2020-05-12,006208,48.1
2020-05-13,006208,48.25
2020-05-14,006208,47.7
2020-05-15,006208,47.91
2020-05-18,006208,47.5
2020-05-19,006208,47.95
2020-05-20,006208,47.95
2020-05-21,006208,48.37
2020-05-22,006208,47.56
2020-05-25,006208,47.68
2020-05-26,006208,48.38
2020-05-27,006208,48.28
2020-05-28,006208,48.0
2020-05-29,006208,48.23
2020-06-01,006208,48.56
2020-06-02,006208,48.9
2020-06-03,006208,49.71
2020-06-04,006208,49.97
2020-06-05,006208,50.35
2020-06-08,006208,51.0
2020-06-09,006208,51.2
2020-06-10,006208,51.65
2020-06-11,006208,50.85
2020-06-12,006208,50.35
2020-06-15,006208,49.76
2020-06-16,006208,50.9
2020-06-17,006208,50.8
2020-06-18,006208,50.85
2020-06-19,006208,50.8
2020-06-22,006208,51.0
2020-06-23,006208,51.2
2020-06-24,006208,51.4
2020-06-29,006208,51.0
2020-06-30,006208,51.35
2020-07-01,006208,51.75
2020-07-02,006208,52.2
2020-07-03,006208,52.8
2020-07-06,006208,53.75
2020-07-07,006208,53.9
2020-07-08,006208,54.35
2020-07-09,006208,54.4
2020-07-10,006208,54.05
2020-07-13,006208,54.8
2020-07-14,006208,55.2
2020-07-15,006208,55.4
2020-07-16,006208,54.95
2020-07-17,006208,55.4
2020-07-20,006208,55.5
2020-07-21,006208,56.3
2020-07-22,006208,56.45
2020-07-23,006208,56.4
2020-07-24,006208,56.2
2020-07-27,006208,58.95
2020-07-28,006208,59.1
2020-07-29,006208,58.55
2020-07-30,006208,59.5
2020-07-31,006208,59.3
2020-08-03,006208,58.4
2020-08-04,006208,59.1
2020-08-05,006208,59.6
2020-08-06,006208,60.25
2020-08-07,006208,59.85
2020-08-10,006208,60.35
2020-08-11,006208,59.95
2020-08-12,006208,59.1
2020-08-13,006208,59.75
2020-08-14,006208,59.7
2020-08-17,006208,60.35
2020-08-18,006208,60.05
2020-08-19,006208,59.6
2020-08-20,006208,57.8
2020-08-21,006208,58.85
2020-08-24,006208,59.05
2020-08-25,006208,59.3
2020-08-26,006208,59.7
2020-08-27,006208,59.7
2020-08-28,006208,59.25
2020-08-31,006208,58.55
2020-09-01,006208,58.95
2020-09-02,006208,58.9
2020-09-03,006208,59.05
2020-09-04,006208,58.5
2020-09-07,006208,58.5
2020-09-08,006208,58.9
2020-09-09,006208,58.6
2020-09-10,006208,59.0
2020-09-11,006208,59.0
2020-09-14,006208,59.55
2020-09-15,006208,59.9
2020-09-16,006208,60.7
2020-09-17,006208,60.0
2020-09-18,006208,60.0
2020-09-21,006208,59.5
2020-09-22,006208,58.9
2020-09-23,006208,58.75
2020-09-24,006208,57.45
2020-09-25,006208,57.45
2020-09-28,006208,58.3
2020-09-29,006208,58.5
2020-09-30,006208,58.75
2020-10-05,006208,58.9
2020-10-06,006208,59.55
2020-10-07,006208,59.9
2020-10-08,006208,60.55
2020-10-12,006208,61.1
2020-10-13,006208,60.95
2020-10-14,006208,60.75
2020-10-15,006208,60.4
2020-10-16,006208,60.1
2020-10-19,006208,60.6
2020-10-20,006208,60.5
2020-10-21,006208,60.4
2020-10-22,006208,60.55
2020-10-23,006208,60.6
2020-10-26,006208,60.65
2020-10-27,006208,60.3
2020-10-28,006208,59.95
2020-10-29,006208,59.25
2020-10-30,006208,58.8
2020-11-02,006208,59.0
2020-11-03,006208,59.85
2020-11-04,006208,60.7
2020-11-05,006208,60.75
2020-11-06,006208,61.0
2020-11-09,006208,61.75
2020-11-10,006208,61.5
2020-11-11,006208,62.15
2020-11-12,006208,62.35
2020-11-13,006208,62.5
2020-11-16,006208,64.5
2020-11-17,006208,63.7
2020-11-18,006208,64.5
2020-11-19,006208,64.2
2020-11-20,006208,64.0
2020-11-23,006208,64.8
2020-11-24,006208,64.55
2020-11-25,006208,63.95
2020-11-26,006208,64.45
2020-11-27,006208,64.45
2020-11-30,006208,63.65
2020-12-01,006208,64.15
2020-12-02,006208,64.8
2020-12-03,006208,64.8
2020-12-04,006208,65.7
2020-12-07,006208,66.45
2020-12-08,006208,67.3
2020-12-09,006208,67.3
2020-12-10,006208,66.65
2020-12-11,006208,66.7
2020-12-14,006208,66.5
2020-12-15,006208,65.75
2020-12-16,006208,66.65
2020-12-17,006208,66.55
2020-12-18,006208,66.35
2020-12-21,006208,67.05
2020-12-22,006208,66.2
2020-12-23,006208,66.4
2020-12-24,006208,66.65
2020-12-25,006208,66.8
2020-12-28,006208,67.45
2020-12-29,006208,67.4
2020-12-30,006208,68.3
2020-12-31,006208,68.75
2021-01-04,006208,70.0
2021-01-05,006208,70.25
2021-01-06,006208,70.8
2021-01-07,006208,72.4
2021-01-08,006208,74.1
2021-01-11,006208,74.35
2021-01-12,006208,74.45
2021-01-13,006208,76.0
2021-01-14,006208,75.3
2021-01-15,006208,75.55
2021-01-18,006208,75.65
2021-01-19,006208,77.5
2021-01-20,006208,77.85
2021-01-21,006208,80.2
2021-01-22,006208,79.2
2021-01-25,006208,78.3
2021-01-26,006208,76.55
2021-01-27,006208,76.5
2021-01-28,006208,74.9
2021-01-29,006208,73.55
2021-02-01,006208,75.2
2021-02-02,006208,77.35
2021-02-03,006208,77.4
2021-02-04,006208,76.85
2021-02-05,006208,77.6
2021-02-17,006208,80.8
2021-02-18,006208,80.7
2021-02-19,006208,79.95
2021-02-22,006208,79.9
2021-02-23,006208,79.6
2021-02-24,006208,78.3
2021-02-25,006208,79.1
2021-02-26,006208,77.45
2021-03-02,006208,76.75
2021-03-03,006208,78.0
2021-03-04,006208,76.4
2021-03-05,006208,75.7
2021-03-08,006208,75.65
2021-03-09,006208,75.5
2021-03-10,006208,75.75
2021-03-11,006208,77.3
2021-03-12,006208,77.6
2021-03-15,006208,77.5
2021-03-16,006208,77.9
2021-03-17,006208,77.2
2021-03-18,006208,77.45
2021-03-19,006208,76.35
2021-03-22,006208,76.75
2021-03-23,006208,76.7
2021-03-24,006208,75.6
2021-03-25,006208,75.85
2021-03-26,006208,77.2
2021-03-29,006208,77.7
2021-03-30,006208,77.95
2021-03-31,006208,77.35
2021-04-01,006208,77.9
2021-04-06,006208,79.0
2021-04-07,006208,79.1
2021-04-08,006208,79.4
2021-04-09,006208,79.15
2021-04-12,006208,78.8
2021-04-13,006208,78.8
2021-04-14,006208,79.2
2021-04-15,006208,80.0
2021-04-16,006208,80.0
2021-04-19,006208,80.0
2021-04-20,006208,80.15
2021-04-21,006208,79.3
2021-04-22,006208,79.05
2021-04-23,006208,79.8
2021-04-26,006208,81.0
2021-04-27,006208,80.9
2021-04-28,006208,80.55
2021-04-29,006208,80.75
2021-05-03,006208,79.35
2021-05-04,006208,78.8
2021-05-05,006208,78.05
2021-05-06,006208,78.8
2021-05-07,006208,80.1
2021-05-10,006208,79.45
2021-05-11,006208,77.1
2021-05-12,006208,75.8
2021-05-13,006208,73.1
2021-05-14,006208,74.1
2021-05-17,006208,72.55
2021-05-18,006208,75.95
2021-05-19,006208,75.4
2021-05-20,006208,75.2
2021-05-21,006208,76.05
2021-05-24,006208,76.05
2021-05-25,006208,77.5
2021-05-26,006208,77.55
2021-05-27,006208,77.0
2021-05-28,006208,78.05
2021-05-31,006208,78.9
2021-06-01,006208,79.1
2021-06-02,006208,78.85
2021-06-03,006208,79.1
2021-06-04,006208,78.6
2021-06-07,006208,78.75
2021-06-08,006208,78.35
2021-06-09,006208,77.75
2021-06-10,006208,79.1
2021-06-11,006208,79.4
2021-06-15,006208,79.8
2021-06-16,006208,79.7
2021-06-17,006208,79.6
2021-06-18,006208,79.2
2021-06-21,006208,77.5
2021-06-22,006208,77.35
2021-06-23,006208,78.8
2021-06-24,006208,78.65
2021-06-25,006208,78.9
2021-06-28,006208,79.2
2021-06-29,006208,79.3
2021-06-30,006208,79.9
2021-07-01,006208,79.6
2021-07-02,006208,79.5
2021-07-05,006208,80.3
2021-07-06,006208,80.4
2021-07-07,006208,80.0
2021-07-08,006208,79.85
2021-07-09,006208,78.95
2021-07-12,006208,79.85
2021-07-13,006208,80.35
2021-07-14,006208,80.65
2021-07-15,006208,81.25
2021-07-16,006208,80.15
2021-07-19,006208,79.5
2021-07-20,006208,78.75
2021-07-21,006208,78.65
2021-07-22,006208,79.15
2021-07-23,006208,79.05
2021-07-26,006208,78.5
2021-07-27,006208,78.35
2021-07-28,006208,78.6
2021-07-29,006208,78.7
2021-07-30,006208,78.3
2021-08-02,006208,79.5
2021-08-03,006208,79.6
2021-08-04,006208,80.0
2021-08-05,006208,79.95
2021-08-06,006208,79.8
2021-08-09,006208,79.65
2021-08-10,006208,79.1
2021-08-11,006208,79.0
2021-08-12,006208,78.75
2021-08-13,006208,78.1
2021-08-16,006208,77.8
2021-08-17,006208,77.2
2021-08-18,006208,77.7
2021-08-19,006208,75.95
2021-08-20,006208,75.2
2021-08-23,006208,77.05
2021-08-24,006208,77.4
2021-08-25,006208,78.35
2021-08-26,006208,78.75
2021-08-27,006208,79.5
2021-08-30,006208,80.15
2021-08-31,006208,80.8
2021-09-01,006208,80.9
2021-09-02,006208,80.2
2021-09-03,006208,81.2
2021-09-06,006208,81.6
2021-09-07,006208,81.25
2021-09-08,006208,80.65
2021-09-09,006208,80.6
2021-09-10,006208,81.4
2021-09-13,006208,81.05
2021-09-14,006208,81.2
2021-09-15,006208,80.6
2021-09-16,006208,80.5
2021-09-17,006208,80.55
2021-09-22,006208,78.8
2021-09-23,006208,79.4
2021-09-24,006208,80.2
2021-09-27,006208,80.4
2021-09-28,006208,79.9
2021-09-29,006208,78.6
2021-09-30,006208,78.55
2021-10-01,006208,77.45
2021-10-04,006208,76.7
2021-10-05,006208,76.4
2021-10-06,006208,76.35
2021-10-07,006208,77.75
2021-10-08,006208,77.25
2021-10-12,006208,76.5
2021-10-13,006208,76.15
2021-10-14,006208,76.3
2021-10-15,006208,78.35
2021-10-18,006208,78.05
2021-10-19,006208,78.65
2021-10-20,006208,78.55
2021-10-21,006208,78.35
2021-10-22,006208,78.45
2021-10-25,006208,78.3
2021-10-26,006208,79.0
2021-10-27,006208,79.0
2021-10-28,006208,78.8
2021-10-29,006208,78.15
2021-11-01,006208,78.45
2021-11-02,006208,78.4
2021-11-03,006208,78.65
2021-11-04,006208,78.4
2021-11-05,006208,79.4
2021-11-08,006208,80.05
2021-11-09,006208,80.75
2021-11-10,006208,80.5
2021-11-11,006208,79.85
2021-11-12,006208,80.2
2021-11-15,006208,80.9
2021-11-16,006208,79.55
2021-11-17,006208,79.7
2021-11-18,006208,80.2
2021-11-19,006208,80.45
2021-11-22,006208,80.3
2021-11-23,006208,79.65
2021-11-24,006208,79.25
2021-11-25,006208,79.25
2021-11-26,006208,78.1
2021-11-29,006208,77.8
2021-11-30,006208,77.9
2021-12-01,006208,79.0
2021-12-02,006208,79.9
2021-12-03,006208,79.85
2021-12-06,006208,79.75
2021-12-07,006208,79.95
2021-12-08,006208,80.2
2021-12-09,006208,80.25
2021-12-10,006208,80.0
2021-12-13,006208,79.7
2021-12-14,006208,79.0
2021-12-15,006208,79.0
2021-12-16,006208,79.95
2021-12-17,006208,79.95
2021-12-20,006208,79.25
2021-12-21,006208,79.85
2021-12-22,006208,79.95
2021-12-23,006208,80.4
2021-12-24,006208,80.45
2021-12-27,006208,81.05
2021-12-28,006208,81.7
2021-12-29,006208,82.0
2021-12-30,006208,81.85
2022-01-03,006208,82.35
2022-01-04,006208,84.1
2022-01-05,006208,84.5
2022-01-06,006208,83.45
2022-01-07,006208,82.7
2022-01-10,006208,82.9
2022-01-11,006208,83.3
2022-01-12,006208,84.2
2022-01-13,006208,84.6
2022-01-14,006208,84.6
2022-01-17,006208,85.45
2022-01-18,006208,84.45
2022-01-19,006208,83.45
2022-01-20,006208,83.75
2022-01-21,006208,82.0
2022-01-24,006208,82.9
2022-01-25,006208,81.65
2022-01-26,006208,81.4
2022-02-07,006208,81.95
2022-02-08,006208,82.2
2022-02-09,006208,82.55
2022-02-10,006208,83.6
2022-02-11,006208,83.45
2022-02-14,006208,82.3
2022-02-15,006208,82.0
2022-02-16,006208,83.3
2022-02-17,006208,83.25
2022-02-18,006208,82.95
2022-02-21,006208,82.8
2022-02-22,006208,81.75
2022-02-23,006208,81.85
2022-02-24,006208,79.9
2022-02-25,006208,79.85
2022-03-01,006208,80.8
2022-03-02,006208,80.45
2022-03-03,006208,80.55
2022-03-04,006208,79.7
2022-03-07,006208,78.45
2022-03-08,006208,75.9
2022-03-09,006208,76.3
2022-03-10,006208,78.5
2022-03-11,006208,77.55
2022-03-14,006208,77.3
2022-03-15,006208,75.85
2022-03-16,006208,76.1
2022-03-17,006208,78.6
2022-03-18,006208,78.3
2022-03-21,006208,78.8
2022-03-22,006208,78.7
2022-03-23,006208,79.55
2022-03-24,006208,79.45
2022-03-25,006208,79.65
2022-03-28,006208,78.75
2022-03-29,006208,78.85
2022-03-30,006208,79.75
2022-03-31,006208,79.6
2022-04-01,006208,78.95
2022-04-06,006208,78.55
2022-04-07,006208,77.3
2022-04-08,006208,77.35
2022-04-11,006208,76.35
2022-04-12,006208,76.3
2022-04-13,006208,77.7
2022-04-14,006208,77.5
2022-04-15,006208,76.15
2022-04-18,006208,75.65
2022-04-19,006208,76.0
2022-04-20,006208,76.35
2022-04-21,006208,76.35
2022-04-22,006208,75.95
2022-04-25,006208,74.45
2022-04-26,006208,74.4
2022-04-27,006208,72.8
2022-04-28,006208,73.25
2022-04-29,006208,74.25
2022-05-03,006208,73.5
2022-05-04,006208,73.65
2022-05-05,006208,74.4
2022-05-06,006208,73.0
2022-05-09,006208,71.7
2022-05-10,006208,71.5
2022-05-11,006208,71.5
2022-05-12,006208,69.8
2022-05-13,006208,70.5
2022-05-16,006208,70.8
2022-05-17,006208,71.55
2022-05-18,006208,72.35
2022-05-19,006208,71.1
2022-05-20,006208,71.85
2022-05-23,006208,72.0
2022-05-24,006208,71.1
2022-05-25,006208,71.6
2022-05-26,006208,70.75
2022-05-27,006208,72.3
2022-05-30,006208,73.95
2022-05-31,006208,74.5
2022-06-01,006208,74.4
2022-06-02,006208,73.7
2022-06-06,006208,74.2
2022-06-07,006208,73.35
2022-06-08,006208,74.2
2022-06-09,006208,73.95
2022-06-10,006208,73.35
2022-06-13,006208,71.35
2022-06-14,006208,71.25
2022-06-15,006208,70.8
2022-06-16,006208,70.6
2022-06-17,006208,69.8
2022-06-20,006208,69.0
2022-06-21,006208,70.25
2022-06-22,006208,68.8
2022-06-23,006208,67.8
2022-06-24,006208,68.0
2022-06-27,006208,69.5
2022-06-28,006208,69.0
2022-06-29,006208,68.3
2022-06-30,006208,66.75
2022-07-01,006208,64.45
2022-07-04,006208,63.65
2022-07-05,006208,64.15
2022-07-06,006208,63.1
2022-07-07,006208,64.85
2022-07-08,006208,65.55
2022-07-11,006208,65.05
2022-07-12,006208,63.5
2022-07-13,006208,65.6
2022-07-14,006208,65.8
2022-07-15,006208,66.8
2022-07-18,006208,65.75
2022-07-19,006208,65.8
2022-07-20,006208,66.0
2022-07-21,006208,66.95
2022-07-22,006208,67.25
2022-07-25,006208,67.2
2022-07-26,006208,66.55
2022-07-27,006208,67.1
2022-07-28,006208,67.3
2022-07-29,006208,67.9
2022-08-01,006208,67.7
2022-08-02,006208,66.6
2022-08-03,006208,66.9
2022-08-04,006208,67.1
2022-08-05,006208,68.75
2022-08-08,006208,68.6
2022-08-09,006208,68.45
2022-08-10,006208,67.8
2022-08-11,006208,69.05
2022-08-12,006208,69.55
2022-08-15,006208,70.2
2022-08-16,006208,70.25
2022-08-17,006208,70.4
2022-08-18,006208,69.8
2022-08-19,006208,69.95
2022-08-22,006208,68.95
2022-08-23,006208,68.1
2022-08-24,006208,67.9
2022-08-25,006208,68.5
2022-08-26,006208,68.85
2022-08-29,006208,67.25
2022-08-30,006208,67.25
2022-08-31,006208,67.7
2022-09-01,006208,66.3
2022-09-02,006208,65.7
2022-09-05,006208,65.7
2022-09-06,006208,66.1
2022-09-07,006208,64.65
2022-09-08,006208,65.0
2022-09-12,006208,66.35
2022-09-13,006208,66.7
2022-09-14,006208,65.4
2022-09-15,006208,65.5
2022-09-16,006208,64.85
2022-09-19,006208,64.45
2022-09-20,006208,65.0
2022-09-21,006208,64.5
2022-09-22,006208,63.7
2022-09-23,006208,63.0
2022-09-26,006208,61.8
2022-09-27,006208,61.7
2022-09-28,006208,60.4
2022-09-29,006208,60.2
2022-09-30,006208,59.35
2022-10-03,006208,58.7
2022-10-04,006208,60.05
2022-10-05,006208,61.55
2022-10-06,006208,62.0
2022-10-07,006208,60.95
2022-10-11,006208,57.9
2022-10-12,006208,57.55
2022-10-13,006208,56.85
2022-10-14,006208,58.45
2022-10-17,006208,57.3
2022-10-18,006208,58.0
2022-10-19,006208,57.25
2022-10-20,006208,57.1
2022-10-21,006208,56.75
2022-10-24,006208,56.75
2022-10-25,006208,55.5
2022-10-26,006208,56.15
2022-10-27,006208,56.9
2022-10-28,006208,56.2
2022-10-31,006208,56.95
2022-11-01,006208,57.25
2022-11-02,006208,57.5
2022-11-03,006208,56.8
2022-11-04,006208,56.9
2022-11-07,006208,57.85
2022-11-08,006208,58.5
2022-11-09,006208,60.0
2022-11-10,006208,59.45
2022-11-11,006208,62.55
2022-11-14,006208,63.25
2022-11-15,006208,65.8
2022-11-16,006208,64.7
2022-11-17,006208,64.7
2022-11-18,006208,64.55
2022-11-21,006208,64.25
2022-11-22,006208,64.85
2022-11-23,006208,65.3
2022-11-24,006208,65.9
2022-11-25,006208,65.8
2022-11-28,006208,64.7
2022-11-29,006208,65.1
2022-11-30,006208,65.75
2022-12-01,006208,66.75
2022-12-02,006208,66.3
2022-12-05,006208,66.25
2022-12-06,006208,65.2
2022-12-07,006208,64.75
2022-12-08,006208,64.0
2022-12-09,006208,64.95
2022-12-12,006208,64.5
2022-12-13,006208,64.15
2022-12-14,006208,65.0
2022-12-15,006208,65.05
2022-12-16,006208,63.9
2022-12-19,006208,63.6
2022-12-20,006208,62.5
2022-12-21,006208,62.65
2022-12-22,006208,63.7
2022-12-23,006208,62.8
2022-12-26,006208,62.95
2022-12-27,006208,63.1
2022-12-28,006208,62.1
2022-12-29,006208,61.85
2022-12-30,006208,62.1
2023-01-03,006208,62.6
2023-01-04,006208,62.35
2023-01-05,006208,62.8
2023-01-06,006208,63.2
2023-01-09,006208,65.25
2023-01-10,006208,65.75
2023-01-11,006208,65.6
2023-01-12,006208,65.55
2023-01-13,006208,66.3
2023-01-16,006208,66.85
2023-01-17,006208,66.75
2023-01-30,006208,69.75
2023-01-31,006208,68.6
2023-02-01,006208,68.95
2023-02-02,006208,69.95
2023-02-03,006208,69.95
2023-02-06,006208,69.0
2023-02-07,006208,68.85
2023-02-08,006208,69.85
2023-02-09,006208,69.9
2023-02-10,006208,70.0
2023-02-13,006208,69.85
2023-02-14,006208,70.25
2023-02-15,006208,68.85
2023-02-16,006208,69.6
2023-02-17,006208,68.7
2023-02-20,006208,68.85
2023-02-21,006208,68.75
2023-02-22,006208,68.05
2023-02-23,006208,69.05
2023-02-24,006208,68.7
2023-03-01,006208,69.05
2023-03-02,006208,68.85
2023-03-03,006208,69.0
2023-03-06,006208,69.75
2023-03-07,006208,70.1
2023-03-08,006208,69.65
2023-03-09,006208,69.55
2023-03-10,006208,68.55
2023-03-13,006208,68.75
2023-03-14,006208,68.0
2023-03-15,006208,68.0
2023-03-16,006208,67.65
2023-03-17,006208,68.55
2023-03-20,006208,68.2
2023-03-21,006208,68.5
2023-03-22,006208,69.8
2023-03-23,006208,70.25
2023-03-24,006208,70.65
2023-03-27,006208,70.2
2023-03-28,006208,69.6
2023-03-29,006208,69.8
2023-03-30,006208,70.05
2023-03-31,006208,70.25
2023-04-06,006208,70.05
2023-04-07,006208,69.95
2023-04-10,006208,70.05
2023-04-11,006208,69.95
2023-04-12,006208,69.8
2023-04-13,006208,69.2
2023-04-14,006208,69.85
2023-04-17,006208,69.75
2023-04-18,006208,69.5
2023-04-19,006208,69.0
2023-04-20,006208,68.9
2023-04-21,006208,68.7
2023-04-24,006208,68.45
2023-04-25,006208,67.6
2023-04-26,006208,67.05
2023-04-27,006208,67.2
2023-04-28,006208,67.95
2023-05-02,006208,68.05
2023-05-03,006208,67.85
2023-05-04,006208,67.95
2023-05-05,006208,68.2
2023-05-08,006208,68.6
2023-05-09,006208,68.8
2023-05-10,006208,68.3
2023-05-11,006208,68.0
2023-05-12,006208,67.8
2023-05-15,006208,67.8
2023-05-16,006208,68.6
2023-05-17,006208,69.65
2023-05-18,006208,70.55
2023-05-19,006208,70.7
2023-05-22,006208,70.65
2023-05-23,006208,70.65
2023-05-24,006208,70.3
2023-05-25,006208,71.05
2023-05-26,006208,72.7
2023-05-29,006208,73.05
2023-05-30,006208,73.2
2023-05-31,006208,72.8
2023-06-01,006208,72.2
2023-06-02,006208,73.1
2023-06-05,006208,72.9
2023-06-06,006208,73.15
2023-06-07,006208,73.95
2023-06-08,006208,73.25
2023-06-09,006208,73.9
2023-06-12,006208,74.45
2023-06-13,006208,76.0
2023-06-14,006208,75.85
2023-06-15,006208,76.15
2023-06-16,006208,75.9
2023-06-19,006208,75.85
2023-06-20,006208,75.4
2023-06-21,006208,75.45
2023-06-26,006208,75.0
2023-06-27,006208,74.75
2023-06-28,006208,74.65
2023-06-29,006208,74.65
2023-06-30,006208,74.75
2023-07-03,006208,75.6
2023-07-04,006208,75.9
2023-07-05,006208,75.6
2023-07-06,006208,74.25
2023-07-07,006208,74.0
2023-07-10,006208,73.8
2023-07-11,006208,74.85
2023-07-12,006208,74.95
2023-07-13,006208,75.75
2023-07-14,006208,76.3
2023-07-17,006208,76.45
2023-07-18,006208,75.0
2023-07-19,006208,74.7
2023-07-20,006208,74.7
2023-07-21,006208,73.6
2023-07-24,006208,73.7
2023-07-25,006208,74.5
2023-07-26,006208,74.4
2023-07-27,006208,74.75
2023-07-28,006208,74.8
2023-07-31,006208,74.5
2023-08-01,006208,74.85
2023-08-02,006208,74.0
2023-08-04,006208,73.6
2023-08-07,006208,74.1
2023-08-08,006208,73.4
2023-08-09,006208,73.5
2023-08-10,006208,73.1
2023-08-11,006208,72.95
2023-08-14,006208,72.05
2023-08-15,006208,72.1
2023-08-16,006208,71.8
2023-08-17,006208,71.9
2023-08-18,006208,71.55
2023-08-21,006208,71.3
2023-08-22,006208,71.65
2023-08-23,006208,72.2
2023-08-24,006208,73.4
2023-08-25,006208,72.15
2023-08-28,006208,72.4
2023-08-29,006208,72.75
2023-08-30,006208,73.1
2023-08-31,006208,72.6
2023-09-01,006208,72.7
2023-09-04,006208,73.2
2023-09-05,006208,73.1
2023-09-06,006208,72.85
2023-09-07,006208,72.2
2023-09-08,006208,71.9
2023-09-11,006208,71.65
2023-09-12,006208,72.2
2023-09-13,006208,72.25
2023-09-14,006208,73.25
2023-09-15,006208,73.5
2023-09-18,006208,72.8
2023-09-19,006208,72.5
2023-09-20,006208,72.05
2023-09-21,006208,71.1
2023-09-22,006208,70.9
2023-09-25,006208,71.45
2023-09-26,006208,70.6
2023-09-27,006208,70.6
2023-09-28,006208,70.85
2023-10-02,006208,71.8
2023-10-03,006208,71.45
2023-10-04,006208,70.55
2023-10-05,006208,71.4
2023-10-06,006208,71.75
2023-10-11,006208,72.85
2023-10-12,006208,73.45
2023-10-13,006208,73.3
2023-10-16,006208,72.9
2023-10-17,006208,72.9
2023-10-18,006208,72.1
2023-10-19,006208,72.25
2023-10-20,006208,72.35
2023-10-23,006208,71.55
2023-10-24,006208,71.6
2023-10-25,006208,71.7
2023-10-26,006208,70.55
2023-10-27,006208,70.65
2023-10-30,006208,70.55
2023-10-31,006208,70.1
2023-11-01,006208,70.3
2023-11-02,006208,72.0
2023-11-03,006208,72.4
2023-11-06,006208,73.05
2023-11-07,006208,73.0
2023-11-08,006208,73.35
2023-11-09,006208,73.45
2023-11-10,006208,73.15
2023-11-13,006208,74.25
2023-11-14,006208,74.5
2023-11-15,006208,75.3
2023-11-16,006208,74.6
2023-11-17,006208,74.75
2023-11-20,006208,74.65
2023-11-21,006208,75.55
2023-11-22,006208,75.0
2023-11-23,006208,74.9
2023-11-24,006208,74.85
2023-11-27,006208,74.2
2023-11-28,006208,74.85
2023-11-29,006208,74.8
2023-11-30,006208,74.95
2023-12-01,006208,75.05
2023-12-04,006208,74.9
2023-12-05,006208,74.4
2023-12-06,006208,74.6
2023-12-07,006208,74.2
2023-12-08,006208,74.65
2023-12-11,006208,74.8
2023-12-12,006208,74.95
2023-12-13,006208,75.05
2023-12-14,006208,75.8
2023-12-15,006208,76.05
2023-12-18,006208,76.1
2023-12-19,006208,75.95
2023-12-20,006208,76.1
2023-12-21,006208,75.5
2023-12-22,006208,75.65
2023-12-25,006208,76.0
2023-12-26,006208,76.4
2023-12-27,006208,77.1
2023-12-28,006208,77.2
2023-12-29,006208,77.15
2024-01-02,006208,76.9
2024-01-03,006208,75.6
2024-01-04,006208,75.55
2024-01-05,006208,75.35
2024-01-08,006208,75.9
2024-01-09,006208,75.85
2024-01-10,006208,75.55
2024-01-11,006208,75.9
2024-01-12,006208,75.7
2024-01-15,006208,75.95
2024-01-16,006208,75.2
2024-01-17,006208,74.7
2024-01-18,006208,75.0
2024-01-19,006208,77.5
2024-01-22,006208,77.9
2024-01-23,006208,78.15
2024-01-24,006208,78.2
2024-01-25,006208,79.1
2024-01-26,006208,79.1
2024-01-29,006208,79.6
2024-01-30,006208,79.45
2024-01-31,006208,78.45
2024-02-01,006208,78.45
2024-02-02,006208,78.95
2024-02-05,006208,79.55
2024-02-15,006208,82.95
2024-02-16,006208,82.5
2024-02-19,006208,82.4
2024-02-20,006208,82.7
2024-02-21,006208,82.4
2024-02-22,006208,83.35
2024-02-23,006208,83.9
2024-02-26,006208,84.15
2024-02-27,006208,83.85
2024-02-29,006208,83.95
2024-03-01,006208,83.7
2024-03-04,006208,85.85
2024-03-05,006208,86.65
2024-03-06,006208,87.15
2024-03-07,006208,88.95
2024-03-08,006208,90.1
2024-03-11,006208,89.3
2024-03-12,006208,90.2
2024-03-13,006208,90.8
2024-03-14,006208,90.55
2024-03-15,006208,89.8
2024-03-18,006208,90.3
2024-03-19,006208,90.3
2024-03-20,006208,89.9
2024-03-21,006208,92.0
2024-03-22,006208,92.05
2024-03-25,006208,92.1
2024-03-26,006208,92.2
2024-03-27,006208,92.25
2024-03-28,006208,91.8
2024-03-29,006208,92.25
2024-04-01,006208,91.85
2024-04-02,006208,93.2
2024-04-03,006208,92.8
2024-04-08,006208,93.1
2024-04-09,006208,95.45
2024-04-10,006208,95.35
2024-04-11,006208,94.95
2024-04-12,006208,94.8
2024-04-15,006208,93.8
2024-04-16,006208,91.3
2024-04-17,006208,92.35
2024-04-18,006208,93.05
2024-04-19,006208,88.5
2024-04-22,006208,88.0
2024-04-23,006208,88.75
2024-04-24,006208,91.4
2024-04-25,006208,89.95
2024-04-26,006208,91.35
2024-04-29,006208,92.75
2024-04-30,006208,92.7
2024-05-02,006208,91.5
2024-05-03,006208,92.0
2024-05-06,006208,93.3
2024-05-07,006208,93.75
2024-05-08,006208,94.1
2024-05-09,006208,94.0
2024-05-10,006208,94.75
2024-05-13,006208,95.4
2024-05-14,006208,96.15
2024-05-15,006208,97.5
2024-05-16,006208,98.1
2024-05-17,006208,97.8
2024-05-20,006208,97.65
2024-05-21,006208,97.6
2024-05-22,006208,99.5
2024-05-23,006208,100.2
2024-05-24,006208,99.9
2024-05-27,006208,101.1
2024-05-28,006208,101.15
2024-05-29,006208,100.05
2024-05-30,006208,98.3
2024-05-31,006208,97.5
2024-06-03,006208,99.15
2024-06-04,006208,97.8
2024-06-05,006208,98.75
2024-06-06,006208,101.8
2024-06-07,006208,101.05
2024-06-11,006208,101.3
2024-06-12,006208,103.15
2024-06-13,006208,104.55
2024-06-14,006208,105.25
2024-06-17,006208,105.2
2024-06-18,006208,106.95
2024-06-19,006208,110.25
2024-06-20,006208,110.85
2024-06-21,006208,110.0
2024-06-24,006208,107.6
2024-06-25,006208,107.45
2024-06-26,006208,108.45
2024-06-27,006208,108.25
2024-06-28,006208,109.2
2024-07-01,006208,109.4
2024-07-02,006208,108.6
2024-07-03,006208,109.85
2024-07-04,006208,112.65
2024-07-05,006208,112.4
2024-07-08,006208,115.6
2024-07-09,006208,115.75
2024-07-10,006208,116.25
2024-07-11,006208,118.9
2024-07-12,006208,115.6
2024-07-15,006208,115.4
2024-07-16,006208,115.2
2024-07-17,006208,113.7
2024-07-18,006208,111.4
2024-07-19,006208,109.0
2024-07-22,006208,105.6
2024-07-23,006208,108.65
2024-07-26,006208,104.8
2024-07-29,006208,105.65
2024-07-30,006208,105.75
2024-07-31,006208,105.65
2024-08-01,006208,107.55
2024-08-02,006208,102.4
2024-08-05,006208,93.7
2024-08-06,006208,97.55
2024-08-07,006208,101.5
2024-08-08,006208,99.7
2024-08-09,006208,102.7
2024-08-12,006208,104.05
2024-08-13,006208,104.4
2024-08-14,006208,105.65
2024-08-15,006208,105.05
2024-08-16,006208,107.35
2024-08-19,006208,107.45
2024-08-20,006208,107.5
2024-08-21,006208,106.25
2024-08-22,006208,105.8
2024-08-23,006208,105.95
2024-08-26,006208,105.9
2024-08-27,006208,105.5
2024-08-28,006208,106.95
2024-08-29,006208,105.75
2024-08-30,006208,105.75
2024-09-02,006208,105.65
2024-09-03,006208,105.35
2024-09-04,006208,100.3
2024-09-05,006208,100.75
2024-09-06,006208,102.15
2024-09-09,006208,100.5
2024-09-10,006208,100.55
2024-09-11,006208,100.3
2024-09-12,006208,104.0
2024-09-13,006208,104.4
2024-09-16,006208,104.8
2024-09-18,006208,103.9
2024-09-19,006208,105.35
2024-09-20,006208,106.6
2024-09-23,006208,107.0
2024-09-24,006208,108.05
2024-09-25,006208,109.8
2024-09-26,006208,110.55
2024-09-27,006208,110.3
2024-09-30,006208,107.5
2024-10-01,006208,107.5
2024-10-04,006208,107.5
2024-10-07,006208,109.95
2024-10-08,006208,109.45
2024-10-09,006208,110.75
2024-10-11,006208,112.65
2024-10-14,006208,112.8
2024-10-15,006208,114.95
2024-10-16,006208,113.15
2024-10-17,006208,113.2
2024-10-18,006208,115.9
2024-10-21,006208,116.2
2024-10-22,006208,115.6
2024-10-23,006208,114.9
2024-10-24,006208,114.2
2024-10-25,006208,115.0
2024-10-28,006208,114.85
2024-10-29,006208,112.75
2024-10-30,006208,112.2
2024-11-01,006208,111.65
2024-11-04,006208,113.15
2024-11-05,006208,113.45
2024-11-06,006208,114.4
2024-11-07,006208,115.4
2024-11-08,006208,116.45
2024-11-11,006208,116.45
2024-11-12,006208,113.7
2024-11-13,006208,112.95
2024-11-14,006208,112.05
2024-11-15,006208,112.3
2024-11-18,006208,110.4
2024-11-19,006208,111.45
2024-11-20,006208,111.2
2024-11-21,006208,109.9
2024-11-22,006208,111.65
2024-11-25,006208,111.45
2024-11-26,006208,109.9
2024-11-27,006208,108.55
2024-11-28,006208,108.3
2024-11-29,006208,108.25
2024-12-02,006208,111.15
2024-12-03,006208,112.45
2024-12-04,006208,113.35
2024-12-05,006208,113.85
2024-12-06,006208,113.5
2024-12-09,006208,113.6
2024-12-10,006208,113.1
2024-12-11,006208,111.9
2024-12-12,006208,113.15
2024-12-13,006208,113.45
2024-12-16,006208,113.75
2024-12-17,006208,114.2
2024-12-18,006208,114.4
2024-12-19,006208,113.1
2024-12-20,006208,111.9
2024-12-23,006208,114.3
2024-12-24,006208,114.55
2024-12-25,006208,114.9
2024-12-26,006208,115.0
2024-12-27,006208,115.3
2024-12-30,006208,114.95
2024-12-31,006208,114.1
2025-01-02,006208,112.8
2025-01-03,006208,113.5
2025-01-06,006208,117.0
2025-01-07,006208,118.25
2025-01-08,006208,116.8
2025-01-09,006208,115.5
2025-01-10,006208,115.15
2025-01-13,006208,112.8
2025-01-14,006208,113.25
2025-01-15,006208,112.75
2025-01-16,006208,114.8
2025-01-17,006208,115.3
2025-01-20,006208,116.55
2025-01-21,006208,116.7
2025-01-22,006208,118.4
2025-02-03,006208,113.15
2025-02-04,006208,113.55
2025-02-05,006208,115.45
2025-02-06,006208,115.9
2025-02-07,006208,116.55
2025-02-10,006208,115.45
2025-02-11,006208,115.95
2025-02-12,006208,115.9
2025-02-13,006208,115.35
2025-02-14,006208,114.0
2025-02-17,006208,115.6
2025-02-18,006208,116.15
2025-02-19,006208,115.5
2025-02-20,006208,115.5
2025-02-21,006208,116.15
2025-02-24,006208,115.2
2025-02-25,006208,113.7
2025-02-26,006208,113.95
2025-02-27,006208,113.15
2025-03-03,006208,110.45
2025-03-04,006208,109.7
2025-03-05,006208,111.1
2025-03-06,006208,110.3
2025-03-07,006208,109.3
2025-03-10,006208,108.75
2025-03-11,006208,106.6
2025-03-12,006208,107.05
2025-03-13,006208,106.35
2025-03-14,006208,105.9
2025-03-17,006208,106.95
2025-03-18,006208,107.35
2025-03-19,006208,106.05
2025-03-20,006208,108.3
2025-03-21,006208,107.55
2025-03-24,006208,107.15
2025-03-25,006208,108.65
2025-03-26,006208,108.4
2025-03-27,006208,106.25
2025-03-28,006208,105.15
2025-03-31,006208,101.5
2025-04-01,006208,103.75
2025-04-02,006208,103.7
2025-04-07,006208,93.35
2025-04-08,006208,89.9
2025-04-09,006208,85.9
2025-04-10,006208,94.45
2025-04-11,006208,96.8
2025-04-14,006208,95.95
2025-04-15,006208,97.0
2025-04-16,006208,95.1
2025-04-17,006208,94.45
2025-04-18,006208,94.55
2025-04-21,006208,93.2
2025-04-22,006208,91.65
2025-04-23,006208,95.65
2025-04-24,006208,95.1
2025-04-25,006208,97.5
2025-04-28,006208,98.1
2025-04-29,006208,98.7
2025-04-30,006208,98.9
2025-05-02,006208,102.0
2025-05-05,006208,100.7
2025-05-06,006208,100.15
2025-05-07,006208,100.05
2025-05-08,006208,101.5
2025-05-09,006208,102.45
2025-05-12,006208,103.55
2025-05-13,006208,105.1
2025-05-14,006208,107.4
2025-05-15,006208,107.3
2025-05-16,006208,107.4
2025-05-19,006208,105.95
2025-05-20,006208,106.15
2025-05-21,006208,107.55
2025-05-22,006208,106.35
2025-05-23,006208,106.1
2025-05-26,006208,105.85
2025-05-27,006208,104.75
2025-05-28,006208,105.4
2025-05-29,006208,105.45
2025-06-02,006208,103.25
2025-06-03,006208,103.9
2025-06-04,006208,106.55
2025-06-05,006208,106.95
2025-06-06,006208,107.1
2025-06-09,006208,108.1
2025-06-10,006208,110.65
2025-06-11,006208,111.7
2025-06-12,006208,111.4
2025-06-13,006208,109.9
2025-06-16,006208,110.25
2025-06-17,006208,110.7
2025-06-18,006208,111.5
2025-06-19,006208,110.45
2025-06-20,006208,110.4
2025-06-23,006208,109.4
2025-06-24,006208,111.45
2025-06-25,006208,112.95
2025-06-26,006208,112.9
2025-06-27,006208,113.25
2025-06-30,006208,113.05
2025-07-01,006208,114.05
2025-07-02,006208,114.25
2025-07-03,006208,115.35
2025-07-04,006208,114.5
2025-07-07,006208,114.0
2025-07-08,006208,113.3
2025-07-09,006208,114.45
2025-07-10,006208,115.75
2025-07-11,006208,116.25
2025-07-14,006208,115.35
2025-07-15,006208,117.0
2025-07-16,006208,117.2
2025-07-17,006208,117.55
2025-07-18,006208,119.25
2025-07-21,006208,118.75
2025-07-22,006208,117.95
2025-07-23,006208,118.65
2025-07-24,006208,119.15
2025-07-25,006208,118.9
2025-07-28,006208,119.3
2025-07-29,006208,117.8
2025-07-30,006208,119.1
2025-07-31,006208,120.6
2025-08-01,006208,119.35
2025-08-04,006208,118.65
2025-08-05,006208,120.25
